Feature_1,Feature_2,Feature_3,Feature_4,Feature_5,Feature_6,Feature_7,Feature_8,Target
-0.33260892916245766,-1.8691037778821673,1.2031998769087957,-0.7444786103516606,0.5390566251017149,1.0978236920659363,-0.8931884849254526,-0.5399908447336387,-192.63466288274435
0.024831482279035665,-0.4680551176887988,0.7203696619477775,0.5894153887543354,-1.2694094463015901,-0.07616857358315407,-2.88295798490782,1.6399226003290583,-343.5641731348738
1.0024190926611645,-1.288967925319065,-0.015023830478139303,2.01077378154739,1.0625306067403089,-1.8918062839751832,0.3619960743433862,-0.3032498139240526,111.42906292580383
0.7985932979898852,0.9324999862406406,-0.13416984526524983,1.1248716582392344,-0.23301258380833964,0.5579426954652892,1.2436800486145698,0.05850418770558164,335.0030377712111
-0.7614922882320503,0.26984221787006657,0.9989053186994903,0.7722511119576703,-0.7775313566017051,-1.9020825922954854,-0.06545638688284144,-0.006823261996990204,-157.43058043231153
0.6331113115015888,-0.12928197311110437,-0.5680061133010934,0.7284473376922229,-0.01448106905592817,-1.447512394183775,-1.6877103215542644,-0.19575190469244394,-179.02846434895395
-0.12594439377416183,0.3713352888553011,1.280315365620449,0.20694490768435628,1.0694858301201426,-0.26391290539189516,-0.27547822187271737,-0.4126822083185222,146.63478484780984
-0.35185382591035635,0.3939833747041048,-1.1046074295003168,1.1336074833788439,0.2880559076200021,1.009981589606113,-0.6860070417553236,0.41232286539907564,49.730167784025895
-1.0779848942507055,-0.520972335304312,-0.3622822284197235,-1.8324259667285763,0.9642004843914092,-0.6169219490904727,0.2836364238347902,0.20972205697660057,-155.72736872170196
-1.2985720417339999,-0.9481900200657498,-0.3001162751285652,-0.8374460703217963,0.6236847050878203,-0.5773963470848941,-1.913134851150361,-1.3348465824570481,-392.97218856511427
0.24231204079930438,0.926047282956162,1.322935654859471,-0.6665726935965693,-0.354217539889679,0.6362386447245448,2.5899514783568174,1.1608821634645232,360.24161102762616
-1.2789588503238356,0.7441855363269707,-0.36531242893440524,-1.70452129935488,-0.8909512949214827,0.993235413107162,2.6912354188338403,0.9513358577646526,100.48398494632848
-0.5750012120499698,1.1557252919661487,0.3387863313522583,0.6386279744422844,-1.5695251092687073,-0.09478577942112641,-0.07665388456467331,3.3750864007731773,-34.22893327559005
0.7546602328078649,-0.19416131452210558,-0.13064604732368376,-2.1357929119246677,0.7602643840062994,0.813595548793919,0.7913567461670563,-1.159170873848092,69.1312285315172
0.09543807047726602,-0.5304012638049747,0.08557608094768246,-0.5441518385970888,-0.30194788553995144,0.5324365590870942,0.6164993354346834,-0.4193063505621701,1.5645380677269471
-1.4228467348023826,1.135196724890874,0.2875059575694938,0.7610751231710632,-0.1968759264158687,0.6563979258639808,-0.5135125455166616,0.18881175027760302,5.366615967584334
1.1660346126528618,-0.414978869111763,-0.23726733671571315,-0.6108363436918364,0.8033421991417183,-2.991396020429518,0.9543737028365021,-0.6400791000472629,12.879578559596245
-1.3508111849111302,0.4877084953580163,0.5729690235155293,-1.505517315732052,-1.7010391748063554,-0.6908773388415728,0.9575433090308094,-1.650108102499655,-204.46366180236475
0.8066010376067579,1.174212967291983,1.0924891807718216,0.30653351275628793,-1.1558406683514864,0.5007456081061435,0.9342353317864731,0.6492021690942162,248.36404579241017
0.3044428318264308,-0.3052066472645074,0.5892020855584628,-0.3347630984276268,-0.14464347718593304,0.10336984193211281,-0.303422915502086,-0.29684860640719174,-29.08688877278382
0.878467488302166,-0.0456224449748822,-0.3679122639382286,-1.610490214323673,-0.4434951288070342,0.8781360019058242,1.8623432584213864,0.5104506340567062,186.4212808105524
-0.2297145678817944,1.177445165430058,-0.515130032272294,0.45117808981097,0.6358084590501498,-1.2702988714367398,-1.5853234327304528,1.4660826105119187,-85.5118088443359
0.042003474157598315,0.00849138969512973,-1.9407259483433048,0.2000779767429821,-0.40425566964661525,0.5244468730898059,-0.7740780386804197,-0.6379018331682411,-137.96035863024596
0.38653586531802764,0.29097088290757667,2.0176705975259575,-0.14323645066252427,2.063552358948704,0.3490640241818989,0.6011281533958499,1.6674536065619316,344.39477779087326
-1.17911128937573,0.020275783894037332,-1.0605315064258454,0.9877258150967994,0.35715013581198696,-0.31351744348765803,1.1167608963176132,-0.39019449458974365,73.88315395814456
-0.7218205980624606,0.8153107246203516,-0.6763403000034367,0.5872609179079987,0.8081813197375108,-1.2621829720998397,-1.8427332550168676,-0.24096147901739842,-156.07679993584844
-0.5687198945890353,-0.4310911560411398,0.9949337094432062,-0.14085080288400628,1.0716843607791755,-0.2301781449446131,0.9041186180340225,-0.6430098315019632,141.4709163333315
-1.0602532310366475,-0.4562834703455529,-0.03445926008262432,1.3438928406057045,1.4575036153445398,-0.2262516489308744,-0.19138857896667838,-1.0891024522028845,33.161947848744305
0.030104336434262562,-0.05277146047527756,-0.05457701236805238,1.3692175867622536,0.4026604348989963,-0.21378507954366807,-0.09178783838576864,-0.3240604139958178,86.43865127867464
-0.4389664697151809,-0.41692334136505677,-0.8205355892295432,-0.6784123522437641,-0.6964958724660086,-1.0461970832140053,-0.22561718254840116,0.8604203787481771,-275.59067556432467
0.5067405652435308,-0.9950177656855969,-0.5007344660089649,-0.48271305390546404,1.1929830418837413,-1.7144618528005253,0.19734096024718972,0.5293726309060318,-74.21605367015223
2.3056747385579137,-0.5541530344882754,0.10687606504104767,0.016686566214889863,0.37812103224673066,-0.1559759922139651,-1.4507545759919909,-0.14965935014253826,21.59452564812164
-0.09250180214508029,-1.6879439077348475,1.4716623738949017,-0.19655296467358693,-1.0007547639281653,0.7888805145115892,-0.800252768366613,-1.060883246889507,-265.0957036264931
-0.21227978821480767,-1.1166382024717836,-0.01772965354948749,0.41139484391519,1.2277782933118708,-0.15555230015878518,0.36743707457389174,0.6231353215871964,99.26698804094501
-1.100896706840129,-0.6015083863995153,-1.0129250985793672,0.7928338456616602,-1.0921608197156463,-0.49055490661090506,0.778886462466629,-1.4364533632659997,-160.4797733077761
1.0342537787994681,0.8287466200188464,-0.65010300665794,-1.7959910498479694,0.6095487515141805,-0.27197336758229823,0.9184228650335545,-1.818239104197757,174.2593867944758
-0.667236931861096,-0.2151599304206729,0.9380559283888737,0.11620147029320207,-0.7367087437750753,-1.508086952390779,1.453944831561079,-0.08837046012296054,-34.88217332986374
0.16039854052484215,0.07973805492543738,-0.11073286366571493,-1.57229846981598,-0.6251048850644739,0.6315014282507445,-0.8851054572961071,-0.6529579128075097,-194.10322212785113
-0.571175722369361,-1.2295270512248277,0.17384837326187233,-2.4967955731183613,-0.11501407599286313,-0.8241042525361748,-1.3764172930255478,0.0715314814004008,-427.61418084936145
0.033269880786608405,-0.5191330021137424,-1.0476436935258135,1.0162872276846941,-0.7254700175869702,0.007915004348579202,-1.5619958452849945,0.4492874418221649,-192.9179761709083
0.07553412532104715,0.27375652275074086,-0.4712359038448682,-1.2457051072652388,-0.6889342823866166,0.7643073474780823,-0.3280798618980277,0.29646434134626287,-84.8748511553486
0.61084834950339,-0.615623989040982,0.4174039159633326,-0.001269088541130349,1.5584341977697145,-0.8835953929084174,-1.0357512632224752,-0.6637940953058716,-30.129493693788813
0.27157228899192526,-0.5163704956720466,0.4721229689814963,1.767242094280629,1.9063055974534573,-0.9597170101570288,1.7446619195261404,1.409851312734136,344.2886336479548
1.1055323137668058,0.7435835566356821,-0.3383115911526965,-1.3682938809271117,-0.7681554395182745,0.688335657182737,0.13134296034881643,0.10849440215616443,116.97480847290528
-1.0053118224071864,-1.7394473504516346,0.485748266340635,-0.34800912372451037,1.1968459787914765,0.3407907236538446,1.1632203545136297,-1.3501398664484172,-21.752127226692103
-0.36180593156708385,-0.013303236760539901,0.3146927207086218,0.9238845975875901,-0.40694245451333994,0.4063807518793915,-1.2176275285010547,0.9301078083613968,-79.16342607298225
0.32251775665879234,-0.68700924339027,0.23145978839250378,-1.4390865712132557,0.7753290105104936,-0.26026392267687554,-0.24095421610563522,-1.3483124601599268,-99.62647033186069
1.2135272066479719,-2.90781219097811,0.3252870877086318,-0.5861966322682313,2.1292277686981955,-0.7533320675137493,0.7498045714718845,-0.6105264478717217,71.68329782096717
1.621905867291601,0.32420962035546214,0.30292663295400474,-0.4090505110260145,1.1410129997759693,-0.4644437627404264,-0.5225140078970998,-0.7466939076288439,165.5065368997969
-0.6285217021012837,0.5571765317734478,0.03866035219202331,-0.6774392378782009,1.2495777134341548,-0.6639177712743008,1.6883857965514786,-0.48845657052440383,166.3642102395252
-0.5718314257717789,0.7983837661704185,1.5271647349393385,-0.10494656163369476,0.10193074121004592,0.2267935258037045,-1.1525562142362917,0.10011819197684378,5.070069177352117
1.591530058387621,-2.273704269616043,0.502469216347371,-0.16785415557531994,-1.7230526906769772,-2.1048365868642374,0.6665243843388617,0.4927549864364305,-217.39499003509425
0.14165913984444056,0.9609466481637513,0.8150652611799999,0.3545526308424047,-1.4173975516199024,1.1027914974597859,-0.5099534757244536,0.9432732852994956,39.58391321144005
0.9864304702161517,1.287689007674449,0.21854459565167025,0.5067927847771828,0.3276523934218583,1.208656506520111,1.6186814898391608,1.0560074343925747,465.05070141692994
1.512366938025686,-2.6003038347243908,0.24772978362518727,1.1773785282624072,-0.9870091973670728,-1.097202570748593,-1.1738387926123863,1.66690518090536,-262.47080482745616
0.7057511382667715,0.9910082515354205,-1.142317146989938,-0.25799958695458486,0.8616538031392339,-0.239345817573613,-0.9710702572686986,0.3775778073023322,57.25270993226869
-0.8943242402733086,1.035093759111581,1.2934752208412321,0.4690727321471045,1.1044126797137377,-0.29466045164470767,-0.8302212558593163,1.0834365706336997,91.19824317766887
-0.45414816530093105,1.1124715882631195,0.27218213002578157,0.5434812672054291,-0.14094062793474882,-0.017543909485183307,0.17825990301336855,-0.25497384877977686,128.2250309348605
-0.04463155844709673,-0.3398797915844608,-0.5861967337611106,0.6150419169089484,-0.6197163207878557,0.7261884647532916,0.4630416810678454,0.5151267646458885,3.729819347540605
-1.310083571176708,0.5683020630598822,-0.7458240276005247,-0.6197716677523984,0.24897370162091387,-0.5079950733255818,-0.46726010974956095,-0.8260480817763147,-181.25274903781127
0.16037614522681726,-2.286134218850647,-1.0566834961852092,2.0197663855251466,-0.6608736446668132,-1.7476627756111622,2.402324286024157,0.3614983319079189,19.383872314412294
0.24805212809401192,0.16032564612931316,-0.871425962830665,0.5925620522755444,0.04522535119253607,-3.1145659989884145,-0.2386840288108533,-0.635733697891284,-151.69144666067066
-0.12367824232230898,-1.8608914635720255,0.8365633081650203,-0.6861843427248758,-1.3421211279010672,-0.5913133808811546,-0.6668715090192169,0.3122713100391426,-358.6520644446437
-0.7877746586942789,-0.0991576090675566,0.8083383114595014,-0.429081692489696,0.9106865887629303,-0.8522932096003375,-0.34526211657770467,0.41977454373880757,-107.80055068043956
-0.8653605375302093,0.3333589509116935,0.21898171532573213,0.14842940531518015,-0.3616995406784545,0.8162461871874398,1.4200181279252628,0.751787771193865,134.5510409311525
1.2724062075990772,1.3509959989977516,-1.2886718375739281,-0.8747409548825356,0.8008361872830548,-0.6293961023127712,-0.8525778960684177,1.0405489205282024,107.03749153799905
0.5365196355005396,0.17832556898672197,0.5485633543764898,0.3581699170462899,1.0131133117440556,0.5775150092793099,0.7069837057559119,-1.0161019363524286,260.8031527641591
0.596930872741309,-0.9335070748498928,-0.6053959475579395,0.8096873672899704,-1.4793700883467045,1.5236577217388378,0.2172030028315031,1.0536404430217343,2.8446230298372734
-0.7629087948565656,1.0342986087703296,-0.6393306007848221,-0.1526882720109692,1.0479020852066419,0.20616325137473346,0.1964190905469295,-0.3228270133160795,85.20023245766652
0.19560920801121498,-0.4250232374556593,-0.4749389401330687,1.3029738774853414,0.577169755998558,0.14266879505770733,0.5032416930147579,-0.6286919506057471,158.98667698483303
0.1593575124787956,0.40355987305553453,-0.17526201629695312,0.7877987916407334,-3.082504765717661,-0.0695935067567302,-1.5180004939614387,-0.12668683820796836,-342.1300098234294
-0.5286926457188906,-2.0998335344802856,0.6022434964067411,0.7363789005917021,-1.1954666460561856,-2.7498993565738377,0.5485710532947037,-0.7818680345505704,-379.08141016299595
-0.05750860054220991,-0.963570402745865,-0.22939574320566153,2.026275847645858,-1.6906055020603723,-0.9579542897389149,0.391478919146341,1.8248996349593856,-98.03043504222867
-0.10056153723463443,0.30474135991829265,-1.1369994032534625,-0.44809626034034244,-0.3391566715944068,1.7337096433732588,0.5859882481112584,-0.48123859293013205,59.67954146832913
0.10060990916301737,-1.406093241787726,-2.01517222650208,-0.5120718608948965,0.9164201348514481,-0.1804627607451202,0.44771182885884064,-0.4096311934583386,-110.24398502762033
0.5802496699793058,1.3414713842581119,-1.1748757557485396,-0.86440374824759,0.851294828934174,-0.6742924145653121,-1.0125676904015215,-0.6325641251140443,-34.439452264242995
2.6707088474055705,0.13299439839702934,-1.898520591041825,0.18118754701734194,0.18024918173834908,-0.7800275438209089,0.35737502970693136,-1.006403144342302,135.42735220143754
-1.7295769669201968,-1.988039494579765,-1.5969123522456186,-0.3960374601734961,-0.1436529449471566,-1.332262193341793,-1.3863901544398214,0.2845555487279911,-585.2933314466077
-0.3249850578328577,0.05754925953599926,-0.0005975780564331094,0.6947975504440149,-1.163519622422546,0.8345932245855784,0.48249432734747,1.2348815941870737,27.577692089472258
0.40141193162480204,-1.418850441126863,-2.6994989752342553,-1.069957439787602,-1.0960054097182834,0.4763345748460175,0.9595122954585927,-0.7244196795524495,-184.4140872489354
0.015704324831183506,1.566585398754836,-0.16968548367815794,-0.9134187498478727,-0.35155183940261336,-0.06013090109182909,0.22879173132949016,1.1771631758220198,51.156349904492714
0.5223787139106533,0.5888431262132308,0.7203782524138065,-1.1696683496626445,-1.086954492465614,-0.025401985875532836,0.0885731886179632,1.196587372950045,-22.83300948708081
0.049182648135684126,0.6139200176197569,-0.9220155797702185,-0.10618232789766989,0.17020641588074747,1.0472677200086105,0.38926544422473175,0.06381356286263394,112.23247917301833
0.7516355509932864,0.5081375860389306,-1.6146086939862616,-1.1641507739444297,-0.24335205511568644,0.503985457820738,1.692151804746153,0.9825108264010878,193.91383746972178
1.1849859442173567,1.935214119054751,0.06622107280914333,0.11294138679959095,-1.8857529738927012,0.047029204334813696,0.557179000268344,-1.0309082703303478,147.10439440254635
-0.07339427534425672,0.9413779918063163,0.7475317991633456,1.3712675663741933,-0.33909461643887323,-1.0747429576459167,0.8531756706350346,2.515628471423435,146.20912666619205
0.405450719972623,-0.1080936878707265,0.2085138186009462,0.9420315739974419,-0.6336895277341138,0.42446281225602267,0.03267162258297811,0.3940328865183262,93.04211515732871
-0.2569205514622977,1.980564946456408,1.3963670448946985,-0.2104789284916715,-1.047170672490966,-0.19290924523007263,0.11607987024440604,0.3540786009821739,91.57622936451139
1.6010340894465356,0.7159858545166673,-0.8856621100271818,-1.0021987723503867,0.4387495924034459,-0.0998040570730273,0.815890107541325,2.6106126808600982,223.81669627358173
-0.9762670144296055,-1.128731505951568,-1.6057082835289709,-1.2603088340304158,0.45490874323922487,0.27966725921236285,-0.6523830028328234,0.3371191635797533,-287.192447187941
0.23526184637577893,0.2689385451896635,-1.9980037383622287,0.8607988549626607,-0.5612295999735611,-1.656363648812922,0.1847740290825107,-1.6058065612218766,-131.11176015859627
-0.2707432542467488,1.277922181021605,0.355865217389948,-2.037449042548375,-0.7909749563962555,-0.23722014640366748,-1.929372029577627,0.6431553812470479,-318.33428391144014
-0.6062665979676719,1.1750604713332093,-0.9365715770629925,0.5455854765002939,-1.063739315467253,-0.09795529941536343,0.8939488714296289,0.27630967692494224,66.41727257668371
-0.784965545509801,0.05262329792062023,0.24195576624897938,0.15849138934665777,0.330305379815483,0.4738215778006465,-0.5251336172975986,-0.4490616074399759,-70.73779416049567
0.17673900621603994,-0.5348590057017611,-0.08344150281677389,-0.35120549034688253,-1.0757602073166421,-2.56113506299511,0.19584229337787207,0.4677789353379996,-272.0642143835499
-0.509912782394825,-0.270690800211987,1.4786726757826285,1.5678658130950267,-0.2611726334783476,-1.0039779920586989,-1.0759869393691115,-0.5378088017603541,-105.79294353689848
-0.04204504114659754,0.45742614309874463,-0.3533965116314846,1.22915301797497,-0.43230077596253746,0.8879423456634409,1.0215617028824961,0.1729704298135525,194.99704318606925
-0.3888091422558168,0.5326749565917941,0.04668014237432686,-0.02368262257419838,-0.48527805379539096,-0.8639330720503019,-0.27955086579008975,-0.038000695816157136,-134.76183797863055
0.41640753499349104,-1.0827370833618624,0.8799386554899709,-0.41838181842308453,1.3429942364896332,1.3037783139643138,-1.9593639416732536,-1.466776471045068,-59.11075587647143
0.9133566463356049,-1.801738908770905,-0.7984936889462623,-0.5655670878037725,0.4585254266274908,0.027444247569813018,-0.51833248057128,0.7324178486181587,-111.37690707569544
-0.7894240990266681,-1.447316211498912,0.36872701629949234,0.2527962526300477,0.5361300822481406,-0.2876061283730111,-0.1913173146128506,0.01105637467419616,-151.26595917920756
-0.12690914901069156,-0.049672262759627765,-0.7402956414063618,-0.5191373011482261,-1.0401310637851955,0.6828289386721993,0.02277796741918609,0.7185567601798368,-122.81172644228735
0.5747400146542684,0.798702010864906,-1.3640267867184257,0.8658903459511876,0.34153037214128784,1.3190674722009887,0.7039454442315591,-0.5206857408604317,295.14482747380515
-0.07544996707241984,0.03922843427883524,2.0768259921520094,0.575220824609888,-1.1666010073216209,-0.050356962577543234,-0.39156857011269103,0.96783836390367,-43.0788600918296
0.16990762733185047,0.4467043235590204,-0.24158550821105004,1.4562712330129604,-2.5014614394607797,-0.08693636862782733,0.2027600418972691,0.7241534694307276,-36.282069641789406
-0.8777093257370148,-1.0449076959813268,0.9322004368050938,0.13401401583255948,-0.7383743302246489,1.0291813851328044,0.1691898729713326,-0.880372176868355,-128.84777853895943
0.30836237548578116,0.7836088954359599,-1.121500661772608,0.8291286890645424,-0.0036014187386647868,-0.3931102581108007,-0.7225781247056411,0.1787322796703857,23.22612373309459
-1.83909577310245,0.7461273376842203,0.1945589859951024,0.4416253859041946,-0.37832187336298473,-0.8881537988568083,-0.32711146676494507,-0.09191922884549118,-180.6656676653079
-1.0133470154661965,-1.1920724098929694,-1.613335866262034,0.738477007393956,-0.1096934144028783,0.04292555795188952,0.4611971574056799,1.2858694522968093,-101.85931080585647
0.47309950876616397,1.7691928619518977,0.4227451362053427,1.1540852975055909,-1.155440793798343,1.3749555155104314,-0.6737507532359245,1.6041115181098102,188.15311350512408
-0.20015426282671603,-2.2992488779092026,0.07250768363502956,-0.7857112844496886,-0.2035268000502686,-0.08311230588460812,-2.2914199790948055,0.07383185757494175,-437.29364848187527
-1.7434077106716257,-0.38764726106555875,0.5024302058283572,-2.0492434185403217,0.8291788489880655,-0.2988664473331098,0.5707804348902227,-0.44582206364920873,-153.7059493929615
0.18994375065194904,1.981306618647306,0.034268396862170314,0.618609240194246,0.1797451640968537,0.17505092380545773,-0.5169478459077451,1.1173866350776396,190.93839558867694
-1.0584354997232712,0.2923332727623688,0.6557853617754562,2.023452626385454,0.9852597888864834,0.5086841554096528,0.8519772671324318,1.3485449266547995,264.02504917027034
-1.4352980972796399,-0.2565541928370138,0.9493085298274447,-0.16100272629952683,2.3575226576114896,-0.2433265211169132,-1.309058594151157,-0.5208853881938422,-65.2063169653327
0.9360525298644139,0.4177379086454216,1.0746053236558821,0.6726588010559654,-0.14095899146466576,0.7332604383921499,-0.304902605487685,1.1819325160546443,160.70819562018485
0.8862863077406784,0.354270367716837,0.525688366610932,-1.3773224187081523,-1.079661605323947,1.8104124695211763,0.2913396648141742,2.7853923634521673,129.6968929825487
-0.8447425031666359,-0.9745685797146343,-1.373488744419038,-0.5437220369071087,-0.2726718990438978,-0.7702309731596945,0.34861389540671456,-0.4820195250085569,-262.71284972189665
1.552994577112165,1.3774238897426427,-0.18502421736664998,0.10586314477812456,-0.5117496471707967,0.0036212935047836943,-0.9309490277858434,0.905539293039704,116.89366663496637
-0.3715189640117919,-0.6907675107751369,0.3939667380264006,1.09077071019313,-0.006045855089428624,-0.8737486109665565,2.183761913199135,-1.2110571434346742,153.3649821313339
0.3841205799930612,-1.3129726725427844,1.5916918321287892,0.5071517054021978,0.3087378857331754,0.7628189919119208,1.778339865655563,0.24934735713490816,279.79409743550826
-1.3174103749450476,0.021937554477519876,0.03678918501355342,-0.9537067047420972,0.5597072710206363,0.471474872362579,1.4679929096188926,1.3560567120672073,87.35526429681201
-0.6606383081240966,-1.0409122755006686,1.9580713117088324,0.7908363766176127,1.1441621418617518,-0.19612290701352686,0.5078915101797005,-1.724507682315289,54.35434061117172
-1.0386983809608759,0.8930570874629803,-0.435342120273439,0.7792145475769123,-0.9187301120820299,2.0368506950337277,1.24544650228568,-0.8840807637960474,166.23049823823362
1.1190583404321792,-0.7457755910992112,0.9497444178591808,-1.2902412961889833,0.5518367258009917,-0.09263091432453313,-1.048650161452867,0.13851383647737683,-66.75553159586813
-0.6279148086145832,0.5649523694692341,0.4716781073520427,-1.4241633503976387,-0.6844656953978888,1.3994466776681385,0.04261486187849549,-1.0346226101576796,-19.462898212265387
0.016602558921009876,-1.7871308680439273,1.0593460610752043,-1.5244324361807353,-0.3275938851222046,0.416014513850782,-0.11599603846805186,-1.2623381669279277,-210.7408359395694
-0.9499985109513286,2.4677208582915178,-1.2619327721498041,0.4329193154699509,0.6442835867493951,-1.2219915461554332,0.5066528130841841,-0.7214722824264422,120.67473939161614
-0.5573708130527892,0.913491331070271,-0.35161934542015166,0.7332671882779798,0.4712727610096243,-1.0472891739231474,0.02484666560928507,0.44704226024454363,43.50143779045095
0.2652664062864318,1.253187422733686,0.19739509346358497,0.6519872759144941,-1.0727784228374364,0.06325913775033373,1.0488614891815693,-0.12246768974592599,149.9410378320859
-0.7470059813825118,0.015789856006677604,-2.4356309465618216,-1.1512317469159847,1.7818042835576675,0.9698270964751656,-0.5376795572200808,-2.214902132674103,-23.54793170280888
-1.3214383425076235,0.6864274765438148,0.18734073567853265,0.8163074284968692,0.2553558587983388,1.0135109711233037,-0.7888036723311673,-1.5766212888736606,-38.276904206432164
-0.8295806145980398,3.0174853141442144,-0.5812549252869201,-1.6100328429269701,0.5733749498513091,0.9948700231536436,-0.08218218278400503,0.23311093669719443,155.00782842635866
-0.12059044657956357,1.9701770730224566,-0.5033676121612989,0.029942976198541162,1.468974983665049,-0.6991684224202048,-1.3649988940635531,0.9611015490602233,83.40792611533318
0.47027588196046394,1.2591231956593723,-1.586529367743782,-0.6498816000553712,1.5963904811460816,1.0840435193883637,-0.13722330649758693,-0.7190757911366172,261.4170015036003
-0.12050759081491406,-1.4827872140522582,1.169555898489145,-0.1578949376964308,-0.29889549263252185,0.603358400595734,0.8864762789247473,-0.8732045673796024,-15.284306226388113
-0.3573147560813841,-0.021798699530649758,0.6421289386096163,-1.165683841599349,0.8046713227664172,-0.7613659356226288,0.035798535635985125,0.01461254871107794,-20.17393306591186
0.26964394942633046,-1.4052775420495778,0.4532506966739752,0.45369618658040717,0.3333818603178796,0.7148404118324949,-0.25075305256161745,0.1940379626998479,-3.776662954294034
1.493313444024858,2.7049315467542945,-0.41539147449238545,0.4248788824611465,-0.5635627162265202,0.7840233739189967,0.6175007708794842,1.2311643418388079,428.6139519258495
-0.051301384802916364,-1.0517480285962786,-1.4897519309820597,-1.8571022716090906,1.254423128238657,-0.09861896263111666,-0.609486754692347,0.8456188349866262,-192.16169329220617
0.5110590032694855,0.7729196603925531,-1.7972473711200794,0.19750952448608847,-1.4161549039092425,-0.16195273251169173,-0.560465867370026,-0.7642022629957135,-135.57490906927578
-1.0563705164933157,-0.28667137244775825,-1.1911391671869402,-0.9032536456225069,0.7558121570458322,0.865565197535171,-2.312774253810112,-0.4809888774650362,-291.6190569884133
0.2770639306397312,-0.28554503259607517,0.29190184736830826,0.4322545065761118,-0.13440083110894785,-0.09784923222945639,-0.1923476271173999,-1.3367236263377904,-15.12642003087351
1.3804031832372712,1.4227224938241425,0.3183960497016437,-0.1686968488015872,-2.3173747381075827,0.3594064736896128,0.03916127060267593,0.17837990273758464,50.305660288044095
-1.3695661010875764,-0.01766906860995194,-0.38625582227900246,1.5822880878860088,0.04718736674072891,0.012067396386382141,1.2993134845303889,0.6048301166853748,109.38323827794422
1.42778838120835,0.8307200084387685,-0.020945194338600436,-1.2378234853641976,-1.0893474197974142,0.22767346280999462,1.2204550998131718,-0.11586049536747478,143.65163818203612
2.0436316977942237,1.0774169638545203,0.6651825006758311,1.546166242248381,-0.2764659900892792,-1.1227085699898371,-0.5970585048676927,-2.0997884101008815,182.37317492922625
-0.019677261469387215,-0.0044641092239627225,-0.38245549949759083,-0.22268483748968065,-0.9358237137958619,-0.7034212770803384,0.2674414562782469,0.5855226759638518,-120.90459152672034
0.9822351128148897,-1.7935542450275577,1.6890806918354957,0.4160104104359784,-0.22426901844026348,-1.1363885271465406,-0.10697231305679047,0.3681875185127966,-82.79547449866958
0.9452003531224556,-0.1016544491717501,-1.31216954879051,-0.275176648387174,0.8295366828247336,-0.8885754824917217,-0.7724449106213206,0.2618404699532877,-35.627493278908844
1.004093305160259,0.3538694906248101,0.38954285692763657,0.8956876531910088,-0.880385626309112,0.15812647726338255,0.419064711555377,-1.2829134919403151,149.7274676610815
-1.2172130120361482,0.6512442306587676,-0.4152726875749572,1.0977938143523183,-0.18880973583494362,0.7627035382777149,0.3026881490978568,-0.934937909093336,42.231178403908665
-0.07842623007742519,-0.17456053057454426,1.7680503285401323,0.16214751895956256,-1.0018892902841259,1.6308180465412552,0.3903628091537182,0.4589634862582264,110.2503850042338
-0.12933727018951485,-0.827917074103155,-0.1411165130759786,-0.2815835212767697,0.6062427151692048,0.9443138312717484,0.00011593996007918795,1.3716043403059281,32.10069212695602
1.3082957435404667,0.3522227126107785,-0.27639805359895026,0.47428481349382295,0.7640162988426379,0.817382142490593,-0.8743366367335825,-0.3971664685919248,207.3668868893791
0.8923631519340451,1.902603163586929,1.8233136475400167,-1.3043746952825865,0.8574272192042284,1.5629223537398156,-0.2057681608611829,0.47961725509849146,370.9071856893147
-0.3201436737917142,1.0358168485327546,-1.0626490525224783,1.6951849952550426,0.4625864778294032,2.2082676219304225,0.15918652650455856,-0.44094159715434567,248.33670878013294
0.6597140794379555,-2.0581479609015574,1.1209172896119177,-1.1663309513707254,0.7411912818458773,-1.2261278855398057,0.24697630038556143,-0.1166303523453913,-122.23455535216509
-0.7020705523336405,0.219363952325339,-0.514148417057798,0.6123501384670901,-0.4948471349872136,1.4015656167137927,0.2805827670506453,-0.19437218453588742,41.783614241347934
-3.0490642125159693,0.2992512008642641,0.5473120981544902,-0.393860505370773,-0.4105542802191229,-0.7492790593153801,-0.5062265557055925,-0.998899773543383,-368.8589167789582
-1.0838375844965071,-0.9717940537585841,1.158417776754015,-0.3666652501495819,-1.1451386169315945,-0.009829805560210573,-0.13786477857251692,1.6960529754621565,-238.19354981800893
-1.8016936737025633,-0.8125356926015599,-1.1579619167258248,0.3391572133391604,-1.976225797675553,-0.9729501049577739,0.07058400445901634,-1.5065788209947188,-445.60967013393264
-0.9433171828468427,-0.22570634108785412,1.1249545822730105,0.6226824902665032,-0.28540350370480966,0.22719967660351334,1.6584247832723964,0.9591708195731121,131.62544366874923
-0.33813335910933245,1.010540999817083,1.0626101711635265,-0.39086288581510686,-0.9485676161831182,1.0677126777517512,0.04756760290702959,-0.15035996874013627,12.750744166943
-1.3270741205874834,0.832747261492167,-1.2198391786766467,0.6569982681494064,0.5006264908388423,1.9649889008272543,-0.19773476093917453,-1.3335382475983162,52.17979051976516
0.48651537450649757,0.5990918306537296,0.9248960953467011,-0.4925749296264558,0.8344450746743046,1.4874474703044192,-0.5767819935911428,1.670138900032591,188.51182683336063
-1.9430745586151716,-0.657695684817336,1.2896450568406854,0.35244677033288546,-0.6352500794345886,-0.6224530438684209,0.4191840199242726,0.3261556162494894,-182.44061999775616
-0.8792603024020069,1.0336255790148932,0.26627243982491705,0.2515863630290634,-1.6833655293998713,-0.18341095540539937,0.1265074757731242,0.8146912040188393,-103.01242586657413
-2.3278837962292362,0.25547266131905616,-2.905730987803796,0.31365905704746894,-0.7516145297725786,0.9568502021154874,0.20682509430962134,-0.5506964753503193,-199.80973391888975
0.4754595548146154,0.5931281518098956,-0.3168654532226759,-0.5732742515495193,-0.4436438305470435,-1.137136788165199,-0.17218328655595963,-0.2998280539751196,-74.60700005320636
0.14056545721159885,-1.2343649203237947,-0.05514806731326931,-0.16904205798971872,-0.16825826394636972,-0.3854920006420483,0.8025375945506402,-0.315427971290001,-44.10459262794228
1.542483150268954,0.03841792093519608,0.9728927879931377,1.0795458454539222,-0.8850449385797408,-1.6072128318129555,-0.28715789915396234,0.489822137131927,13.739355237431138
-0.649169785093727,-0.5711709043069645,0.49221235031338956,-1.786501044757233,0.0011614725934700485,-0.14803388546824273,-0.010193104521592854,-1.288687473061981,-200.64521531983115
1.4733234316690031,1.6155695098234937,0.8035182096244993,-0.2782830035054908,0.9982485083216851,0.7094250254409776,1.112770241675513,0.17667776101858726,471.96872882747795
-0.8763224285128013,1.3132589490093318,0.2969447093735229,-1.779308714189156,-0.855673784381535,-1.2988298839583945,0.49819954434204405,0.1766893485364619,-144.92570294201525
1.7864884691644636,-0.24139721156886718,1.84819947161588,0.8377809252406848,0.13999661098891628,1.0671054321909905,-0.34160468059240595,-0.3326002188178278,263.64206671704386
-0.6923888564361603,-0.21331497058192928,-1.3984007038833761,1.010429198758442,-0.57060688269786,-0.11568301453791059,1.0822550946183018,-0.008774870668941288,-1.1261356173805426
-0.7915489927371642,-1.0351838693065474,-0.6704660072105286,-0.7461783348134128,-0.5690022199912229,-0.6731323611146122,-0.5997902287326392,-0.6154767308003464,-340.4256535898341
-1.8912502073438735,1.606797377560884,-0.25382364754117825,-1.060798937520565,0.3077171314235859,0.3079335679118842,0.3497719898031847,-0.8171790703123231,-0.819761248093414
0.48862541589268554,-0.07581386630591783,0.13062297726225314,0.3621900009510927,-0.3903864813615635,0.6371128328124404,-0.8459226371278078,0.7813018110504925,7.073738462131246
0.20486597996842926,0.5404455508959775,-1.6842188087759966,0.018539272265361242,1.029591482563115,-0.013162395019392904,0.2965776782137608,0.5129205579135544,112.05037188230003
-0.9944439828735373,0.9905039030368746,-0.034286518227823845,0.02842410134056688,-1.1974009722271368,-0.3717533751683063,0.1731291212597955,-0.14391210715239483,-131.72860857723742
-0.667815883630754,-2.1329181293533956,0.24518391162695966,-0.724264793287407,-0.4535153358639636,-0.6244693910801621,0.03822257830383044,0.76932899320893,-316.6306676803717
-1.0065731255467774,0.5515489969065238,-0.08193541384368917,-1.4242645729156111,0.7930101123683281,-0.4353128514215441,1.001912625264242,1.2210764657114535,47.932133939694666
-0.06843099993235284,-2.215925244980939,1.428971053352857,-0.06843386996000796,0.24110100952767785,1.111165328636243,-2.464073348137103,-0.9194788244265132,-285.5792554280482
1.0341072679919365,0.2198757876467451,-0.8649748976317128,-0.2207626625959473,2.3057089526622163,-0.6149602036285237,-0.6690950775901386,0.42266543353264924,146.30389449848965
0.4372291065812883,-0.3178717503608671,-0.6461899900590959,0.7619653417541192,-0.9748310226461053,-0.7703222787403707,-1.1724151502271167,-0.48608917456136136,-211.93705315561144
1.4735187731673403,-0.2025178459285466,0.23824371281648907,-0.022697406912269208,-0.9955465314439702,1.1290476352757581,0.6246515796832726,-0.726961931532998,129.7212502122789
0.19437226182082962,2.5959391101021208,0.134138702131592,0.34495976021103864,1.2873863440147875,0.6512255181699791,-0.6294299890528022,-1.8004328280576212,257.06075069726126
-0.5482159096305547,-0.536671174185152,0.4332341560031929,-0.5245174049509596,-1.0400275542684534,-0.18801554171701645,0.06735496305690374,-0.39998836354094175,-170.0799930147679
-0.03972531447054333,-0.127594699905661,0.27446425333912194,-0.8591322416633836,0.004094530549298159,-0.03937825670375305,0.8588146619728774,2.2463516712112335,35.65078576405152
-2.0567806994182476,-1.1431222760267885,2.0336088823932643,1.0917434485874353,1.6981878793379208,-0.7468195405917003,0.008103712428447889,-1.883684335121384,-43.558745251927334
-0.11830650191900921,-1.1784543294462035,1.475804158620893,-0.5410201954159419,-0.1663216200370639,0.7312234830291596,-0.4129701587011668,-0.20719175371198828,-93.12317178969388
-1.1884248541079854,0.05713106670393195,0.8299619969014265,-0.6516331276428541,0.49118486536020756,-0.41226574785199,0.6900276864324975,-0.07321951285235259,-26.30827230682409
-0.7355478421025442,0.07913993527138141,0.7440132355281204,-0.5412605723442014,0.9332436573582384,-0.33518754189609096,0.6080829028098207,1.2965760613912092,37.70225940699839
0.5643986381995247,-0.8492684803375299,0.12526395017136538,-1.0975673401329218,-0.6957047500599898,0.46447485268893046,-0.302658116477131,-1.2130445440527462,-130.696912457517
-0.16609931273627887,0.1258849101614077,-1.8895796202197344,-0.8228257050261772,-0.20292287972828438,-0.15043154238464307,-1.1552394188252304,-0.14396988852808554,-231.7041900304525
-0.5186081160896552,0.011291488351662495,-0.6125878469851075,1.865076297564526,-0.5306549300629329,0.19227545818196307,-0.2362426300426651,1.452056181128636,-29.2565030987359
-0.024252318844939297,1.6539495335997993,1.1732636445417661,1.080973780194881,1.2644430006052776,-0.5551230292552982,0.3015447430673665,0.5819592968196304,312.6030252761371
-1.4701853746465925,0.9162379626831699,-1.390911757773479,-0.7914499847786707,-0.7454613867093499,0.37782214032194367,0.9524846672899746,-0.8262091524519292,-114.77881716504507
0.27343881793102437,-0.25831633323761105,0.7311543854273908,-0.7490657359455261,0.11655993973536867,-1.3698597189791943,-1.8538058715077061,1.1379790600940631,-244.65911008392976
-0.5264334461917265,-0.25263975116251147,0.20025892763293712,-1.453132244174279,-1.6995764722456104,0.41983198757839035,0.0668899040396946,0.7633706071458954,-230.23571091441954
-0.46340747050845754,0.2148728808941247,0.22336182078745045,-1.5297856612077096,-1.6860228247747233,0.6022515541792169,0.7247115335262844,-1.0497497306410277,-198.33499005606438
0.1861158699264874,-0.022552654012394167,0.5850194797397901,-0.5010177464028601,0.7985405215531235,0.3825162810915211,-1.0440102852411894,-0.18863589931742997,-22.336343671483498
-1.1968092403369446,0.08097243431274781,0.13308635949943012,-0.049031371317193914,0.4895947632098295,0.8082122830254356,-0.5367646522577626,0.9522192256819426,-43.929158634329795
-0.3359994103673645,-0.157252385295675,0.2436830391845791,0.4019661168600799,0.19846923504744007,-0.8163651152016593,1.5369377479211566,-0.7916269880662722,118.55289177609387
0.4937605886074741,0.2005665717264963,-0.985718379329392,0.20797583294665448,-0.2984710581690803,-0.6800647403528043,1.902017042108483,0.9908404670463724,172.45101784386975
-0.5819092487484201,-0.29837623507246025,0.3769780974011021,0.9727442575715552,0.5060983163626293,-0.10667141232141819,0.15338571893955907,0.31017433751036255,50.88187440725357
-0.8220962590628561,0.6985615895846112,0.06722199796099135,1.165676643625017,0.40824132622438364,-0.24138139016449744,-0.9577118799726089,-0.4843369320352698,14.25762756554451
0.102039541069017,1.1657862261852527,0.2102428924201987,-0.04273259296116284,1.836995952680328,0.3438623665247335,0.030743399379436112,0.8103417560680923,267.3403533528021
0.5447706007222839,-0.04170540176696689,0.31192794937753515,-1.3141525999427925,-1.4495442085850332,-0.6082955207555212,0.47943139663638706,0.3840512371679951,-107.92988290385605
0.6959870547730151,-0.2220697240130218,0.48030387441557015,0.7040894662727933,-0.09735070025222022,-0.5844602876044516,-1.2673363496774475,-0.679533381728599,-120.47335704110003
-0.4093916267194725,0.874244474231279,0.10826921084579202,1.3257469211009223,-1.8604588567167315,-1.9145402439876114,-0.495327230643237,-1.2427320420566015,-176.59715903814137
-0.34202867753002264,0.9956143501940589,0.9854317230190438,-1.317743156288444,0.3133805316532707,-0.1670039474292564,0.6891489740444424,-1.5871615018088936,60.528195509303096
-0.20344271174202855,0.13436621317000316,1.3860171535646206,-0.6592708556345799,1.2393751447198351,0.028872048297547557,-1.9975876457215136,1.3595432947268993,-92.91456555311723
-0.17079222229058044,-1.462904470498096,0.6398888175472488,-0.011536681272326411,-1.3126632030467067,-0.22414841155637547,-0.4349225092593582,-0.04514653198656755,-292.92185027067285
1.4287752957455764,-1.5138201850786586,-0.6522817966207551,-0.1996567615818464,-0.33868827394447376,-0.1587250915850814,0.8581792803960907,0.2784496507166581,27.629532989483184
-0.23691354638643528,1.9943599795532698,0.16782447716443322,0.38831878834870587,-0.38578540477612266,1.4984006895432094,-0.47499741539554735,0.9416448758276885,169.93584953603047
0.777105911112981,1.7252414701876029,-1.6455254486581443,0.48598749260300034,-0.7920518902532314,0.2812581606744987,0.27905754024632423,-0.3572590181371348,209.31167025655418
-1.4645540666588228,2.7928212731609534,-0.032745936895043355,0.2998969870917024,0.38609407272148355,0.34669429231149096,-0.20085133485836945,1.2798252300756077,119.50693351079762
0.6261784706475855,1.5994191314893078,0.8035389504066545,-0.3184021006366358,-1.1141120160106204,0.23883874065724084,0.9037170356544556,-0.2810696974156515,161.78878589407404
-0.27790322193532646,-0.2715358737861743,1.4668279961534183,0.5569879328907539,-0.4312764281538124,0.1558853607954366,0.9258771001936164,-2.014309947532353,61.02002820532669
-1.747607735674659,-0.5624294132653628,0.6192375736323235,-1.5525556072301034,1.329373079748197,1.0928466802386094,-0.07081382591465055,0.15501682066039313,-68.44688062620922
-0.16680331558532027,-0.6456755262861126,0.37216779559074636,0.0916633534138452,0.36168987094574495,0.25942706742297594,-1.5580113781461098,-1.6191974353478957,-131.26621149156514
0.8680564362870348,-1.54531562617201,-0.302784962891611,-0.11784241059379685,-1.0103133292101754,-0.2183185657721335,0.2812814828289081,0.3397303818981475,-146.71462024653317
-1.3596637594061243,-0.4033671362183152,-1.1612527182400874,0.08701845171417937,-0.05848930750731705,0.19531344405871623,-0.6842560966372776,-1.6159050135228634,-272.98425281135144
0.5223462870468928,0.9532426623610158,0.0036882244086158074,0.40081168722261856,0.36402560257777167,0.9334743050907031,2.2922950075252153,-1.2224263426758337,451.8328149320431
1.531795698907433,-1.242023837457257,-1.1568184025852115,0.4186242808353159,1.1362813440865003,-0.48234345563004155,-1.4867629262659634,1.822540362910912,-65.83700709972643
-0.6585961698739259,0.8113553482403119,-0.7970773232883289,0.2267069118420033,-1.4709051526834933,-0.5274765317103138,-1.0545292533511017,-0.052832130749492376,-253.63186136927297
0.0024712922168173305,-1.2819015533269635,-0.9858635967337923,-0.42889595135385356,0.7206915092265761,0.07393410732177882,-0.5800306026778066,0.22431276579860215,-143.96666768895918
-0.4288341029785794,0.8762857888449838,-1.9006782844680503,-0.16393971333045496,0.11195978760814711,-0.012834953924807447,-2.6744296821511715,-0.7674510960180476,-298.62792115462685
2.192578645373078,0.03071916313337344,0.44800663214400116,0.8930800519830785,1.8218436229058674,2.0284599256900298,-1.5445861464668158,0.43578613518121545,371.8260060659917
0.1957468517746197,-0.8270421595741224,0.8002871627340347,1.3739037325791252,-1.709461293314475,-0.5872998143678874,0.699381250840406,0.17271250042568326,-83.84664712679131
0.4967927244705414,-0.1710393813060186,-1.0262070954589564,-0.9360577065587149,0.006420288820776775,0.3483077084079384,0.874388316472968,0.666018854858137,43.54383055985626
-0.5327061529227135,-0.21936682619113823,-0.4355669877367804,1.1654375716876304,-0.16200933753752797,-0.8478597348851717,0.26229390395438845,0.17157115979034823,-13.853445599964473
-1.606781182655913,-1.0847579194301584,-1.1791156617516985,-0.1658095951376838,-0.10881404379630753,-0.853808087485973,-1.5951681518600336,-0.9736003061068846,-465.64935643729166
-0.49173675568190245,0.03170399175877733,0.2656989199218583,1.0707760788154392,2.244338728008159,-0.12617550243595294,1.0073765737337526,1.2968809641960815,269.12728248709163
0.6348712795109088,1.459398269007151,0.2295788017129438,-0.41656722072794755,2.077514599471508,0.6101447131825452,-2.145227458825735,1.7903710018091936,165.0929052888039
-1.8124792299132604,0.23396133801045418,-0.2437952586470893,0.07056330741910756,-0.062126777825878846,-0.4908272792675152,-0.5631593717164415,-2.577421780872789,-213.76777384024885
0.9894589584269741,-0.4832789707540075,-2.346019085340301,1.421467147879279,-0.6540597958001344,0.16207732519964482,-0.7193691742714934,0.16100545152527185,-42.69837589130892
-1.0373812296709142,0.5843782880685877,1.4124982687259844,-0.5726733325488546,0.17647250291917782,-1.002101622998275,0.049956547395759686,-0.9885300755706374,-74.63618557986774
0.1536339812595367,-0.2432475150683848,-0.23893414810265712,0.7531301497010752,-0.3768630274435135,-0.7787186504429949,-0.721772809006438,-0.282034597531598,-138.62701041593937
1.109778994782422,0.541004691905877,0.139345883142899,-1.3526486168118415,-0.06167745289421641,0.525897730979502,0.2510665601399166,1.9187630105839186,123.54773248938864
-1.202907175042929,-0.8358524699221554,-0.17704421431901057,-0.0327169491568559,1.0234282763426594,0.12007444464204044,0.04053116547727525,1.4648693584804633,-46.798018060662514
0.33016223365368463,-2.6536137221302436,-0.8800984111593481,0.7632429145259075,-0.8614547755427956,0.7434052962995508,-1.0496014730133518,0.7057422533690688,-278.53754774033206
0.6748129367091992,-0.3731431897116845,0.2364167729973923,-0.9854832303977752,1.7036616641318156,-0.5022956400165995,-1.4375630661468586,-1.1089739958898714,-62.91702164562613
-1.1030215881529082,1.687734141632362,-1.2012609563703984,-0.6649940366702431,0.09593103970856777,-0.3948027388101948,0.4195591813584375,0.35492611206069824,-5.884309288705879
-1.475612657320996,-0.10437404794006225,-0.27198405034523493,0.7814852237329105,-0.9197457644098951,0.19071751006259768,-1.291373684910147,0.011828519582311278,-288.9116493517675
1.1120785892027694,2.0522364368201282,-1.1323027300047652,0.7394676357738771,-0.2548125726153321,0.46978796255151595,-0.7095153541807018,-0.6489360211637887,186.99167030920182
-0.6939899681989993,0.38966844234284437,-0.04731011534379475,0.4876263210215362,0.3333684700981256,-0.9688044082439372,-0.08195698757228509,0.6496817841199704,-17.848837458763484
-0.3450613800527456,-1.2564222434099113,-0.20564925239259066,1.446904843843281,0.2387735407576841,-0.2501605987760517,0.6807201889434307,-0.29895462112335064,28.17993059435166
1.0661841499223201,-0.003091667444931112,0.08827999632720021,-1.7264771568597939,-0.4112188747848832,-0.03913075491283756,-1.43292834203352,-1.2950083841169724,-171.21168435435064
2.358045856216781,0.8436664392324728,-1.3867051852344303,0.10963676622173298,0.19827390644980392,1.5025703258492227,0.7856215480395184,0.9917535618567423,402.00022922182546
0.14299742355399625,1.972307449845511,-1.6474779999884945,-1.0751392670692514,-1.2863870298982099,-0.5319269455909647,0.30157526119408273,-1.8091701955910418,-81.38446108916006
-0.5717345234960025,0.6772556493846565,-1.5411699756142374,-0.29281007936597186,-0.32186560462285785,0.343466665599191,1.8506633598661584,-0.5782280615400731,120.30572808421505
-0.33364468688866655,0.29332931801110557,-0.37732812882246336,-0.23366080344001308,-0.1436496887696961,-0.29313502892153964,-0.21926522349731314,0.5663061901351821,-94.48699544107528
-0.9090658814337864,-1.282935537904727,-0.43646178430733873,1.821957232845743,-2.5397364791222987,-0.5554880127157346,-0.5937157262927655,0.42198304751626525,-368.0821001608683
0.2214371137627382,0.1202632411926547,-1.022988946313083,0.41047461235509863,2.004213257866581,-0.604514492179339,-0.5882655161292034,-2.0875497229311777,76.25118153521758
-0.0996106318948645,-0.3688184684478463,1.1930859223440107,1.6995372967466809,-1.4349634660355541,-0.09477545043989416,0.5016241231810408,-1.9063698785304681,-25.954019895889225
-0.25514464663198305,-1.099790706157675,-0.06272133710917308,-0.12022991904250492,-1.3534384188652135,0.30073959667375244,0.9435933800640932,0.6306856435177772,-160.0702465036698
-0.8794863967386191,-0.45267822024299403,0.37072189530167765,-1.1297522357352017,-0.5270128170653838,1.5121870177507521,-2.4004594766477636,0.7580499573677713,-335.5467613660048
-0.011362046225691397,0.2094424795434817,0.5795323373652463,-0.9459958187592132,1.6802916392416427,-0.4958771361871326,-2.261621254659291,0.081208360320413,-152.71429751174503
0.1651687212303712,0.5311735642251542,0.887723129755441,0.27764352009903803,-1.534211842084057,-0.6916901991831084,1.2265837012917737,0.37551719110469445,30.021824110913233
0.3814214681436077,0.2982107321802863,-0.2028576395593294,-0.1309708531555943,-1.2626255083645372,-1.5833559323773616,0.776067431369265,0.2523647541025376,-66.24740465227504
-0.030582245306725594,0.15762280691936675,-0.4255372231904337,0.549544878850145,0.4728880537323711,2.344895079817884,-0.3250627619205463,-1.3267341680847338,172.5415541402523
1.755204031380423,0.4735655674930451,0.16181130510868658,1.69449869999025,0.13570746297909184,-0.37088577717885074,0.8581998740869641,0.8858801909075852,388.5646236613163
0.7575779346415388,1.5576631399155774,-0.4800530049588564,-0.564575408542832,-0.6256933497839003,0.08062482607496368,1.0174155248650796,0.6241558478779792,216.19861964801663
-0.012994471457617379,-0.5032419842210952,0.30916085269295923,1.3930001299965031,1.4603717729212342,-0.5160425001420264,0.06257636634668023,0.6391131659040538,143.94841512231486
0.848033977488975,-0.03935333491634412,-0.6603197289031293,1.011497110430413,0.15134806692249125,-0.49697918394049606,1.0102100105011917,-1.4808685021504284,152.64902283092002
-0.6684948234237635,0.7960196869363996,0.9584868550996888,-1.7559584556241712,-1.1769355718752355,0.06773495112836288,-0.2045902755797428,2.296983743808767,-163.21597339678675
0.131593968813081,-0.6614461570060727,-0.7141558934099517,-0.8662154052985732,-0.8074226254601109,0.05034617762054909,1.0695876586221627,1.369993107104056,-39.055442700106795
0.10995769137879893,-0.7745610898937407,0.7536335790720586,1.6723499045107133,-0.3784113990913046,-1.641856953364599,0.8661726885445,-0.8166980738170923,21.10744265350274
-0.3339809211073643,-0.2685899082924052,-0.6369894528173331,-1.6386948118781044,0.11000638645223129,-0.8337803735217857,-1.2633607933799724,0.20286110902253726,-346.38706916638495
-0.6852507633645406,1.4817335094680224,1.187532779450101,-0.8673564550909156,-0.2194754298492412,0.19606374602787374,0.937929255444873,-0.11425742959494098,115.40304236515487
-0.9349152899239741,-0.5763066399463296,-0.07212992560731402,0.3095281364713824,-0.05235040626244544,0.4526547605014745,1.8309157652869958,-0.1669139943227741,102.98538313272545
1.7086489715894222,0.1627034699139305,1.1312245341330383,0.2939691140935723,1.6381624101002932,0.3693366589699033,0.23944401594398437,0.7573902858908523,370.60281236270146
0.14026383993780386,0.42387232191386276,-0.6583602054034324,1.4901193650227977,0.6003090635071885,0.1826194347333837,0.1094184360752863,-1.1488197892707332,174.26341043844016
1.1095103747650978,0.8903937124466971,0.05483819364059725,0.30567500104727846,0.6006974624167637,-0.3966534189383584,-1.6905608289312763,-1.278736456431096,39.26701704174893
-1.4870902623435054,0.21441574668467608,-0.2195928448583728,0.0758313247155208,0.6927029598204594,2.076032118634621,0.6050852056574546,-0.5661107429925293,134.97430082816192
-1.4319119434668204,-0.0772213720799055,0.0390411647347202,1.0120292994967184,0.6229241490501963,-2.020947726028298,-1.3667294875721228,1.6659718790781228,-260.68008993531737
0.5416398912763913,0.6085738488857683,-0.5488189407317028,0.49601906256917305,-1.141566521874365,0.39032466903082147,-0.43582393797208907,0.6647870552825824,12.4943749715415
-0.5308537519246391,-0.7110531961235406,0.3733307838166882,-1.1219623882055798,0.08815492459839569,-1.9519780985451252,-1.3365205499556942,0.49612542223907585,-364.9962633844999
1.277172730437246,-1.614213901830232,-0.8155489664328835,-0.4656244752350858,-0.6649265630882795,1.0043935727144637,2.1482813232516027,-0.21603119414545624,145.74977514626093
-0.11287689914876352,0.8379218331613348,-0.4429067266657989,-0.925744541267294,1.1215568973257142,-0.643030767370808,-0.6778593548191499,-1.1747180263734127,-10.93198807053335
-2.1154552725558795,-1.059039643006855,-0.5145920669022137,0.5061866786155448,0.02409516908707189,-0.7988658242704664,0.6118619517929043,1.1174238697492649,-188.46103695742727
1.1352742586174474,0.556950114423333,0.22878464488734027,0.493626492290583,-0.96933206935765,0.5175944291673477,-1.7380307389182437,-0.7167671375182402,-75.12770549618811
0.19171907287228218,-0.8138912959905258,1.1171214499051811,-0.17637938594234803,-0.47245449758731817,-0.6313554924808351,-0.2539122158205132,0.3146780044865188,-122.77059829874861
-0.04159794729093666,-0.2534946440233723,-1.9587329583596245,0.5000094762508195,-0.6492239008342098,0.8230673839943554,1.2117352967494137,-0.09612878594135206,78.08798232381483
0.2573800592224824,0.37969599264713794,-1.2959305458948984,-1.6119243248070398,-0.31861187552837883,-0.3700916320898848,-1.752668304986935,-0.16334103974880956,-305.8816601766716
-0.016689517584003697,-1.1443347479049546,-0.4909906905285679,-1.1744222108337634,-1.2942772172462986,1.3060222237011405,0.9696864239199044,-0.15364559624998866,-132.37652155761376
1.8116172041888001,-1.1795565737084572,1.0384052654874572,-0.14506837223065266,0.013905923651928704,-0.029745448069008272,-0.29352460568233224,-2.50079082015103,-17.873846036836383
-0.6987498331362383,-0.05712720299274826,-0.9896427937330561,1.3847633528242427,2.459657143047363,-0.1703839868175544,-0.1678646440198559,0.7802459983231124,174.12968678057328
2.1439190688928975,-1.1202613460967528,-1.4218683241882857,-0.9989083811608255,-0.22961475653753943,0.34856495560363626,-0.5090654981683644,-2.2243030551846705,-98.46481997774275
0.7061877387613412,1.6762159545275421,0.4173059065759491,-1.950168865295835,-0.2424274348452437,0.7338030778785738,-0.14434011256214624,0.44797260658369475,86.62332929002838
-0.3662528443569879,2.047662631303874,1.1059993735172082,-0.359055742197997,0.985571596626716,-0.21052506993333425,1.1708278107139638,-0.8299605749232661,285.1853156631486
-0.4762440203313566,-1.2561326998171172,-0.32733419815368203,0.2653741904885282,-0.05893818939956784,-0.3911140342951921,-0.45451385156621,-2.297113426151299,-244.66072099707642
1.6611852169555088,0.8791491791021714,-1.0923798570125938,-0.057221806462668244,0.5291086876521375,-0.5100495411576014,1.0960223297608844,0.9570380799916366,305.8896171036184
0.6758193294263334,1.0252239822828986,0.5161164500235834,0.5364696005608734,0.2046228853697216,-1.7836744082659248,0.07559640847405216,0.0015858982213006302,126.68130408046544
0.02483464458555516,0.6235765317087484,1.076700914256252,-0.3873391348224047,0.4158443160485905,-1.517503294887268,-0.26499461953873527,-0.8408461686045451,-47.81802511788598
0.39557571693516624,-0.4067939298192206,0.32538502657894974,-0.11310274951602464,0.2832227381109641,-0.8742377873197771,-0.6232340812008897,-1.0572500761862846,-87.99437263997063
-0.22762739867461998,1.341814491060305,-1.802593834842264,-0.3575392368677829,-0.15586532744238515,0.09872450765554944,-0.37880133921428466,0.6286394162041965,-31.24813379026484
-0.13648972112779376,-1.0738647533241328,1.8259901555917386,0.6165929228951883,0.38195372138938033,0.17980665604469057,-0.5354353701323064,0.9938586689359952,-12.777058624526017
1.1438134775456952,-0.22403830580295694,-0.49664691317351306,-1.696987001023619,0.2685484901155308,0.3761601984027995,-1.5546846890803145,0.5257542171139061,-175.1531963256412
0.43879035745382605,-1.3205346458883263,-0.011610332043429528,-0.5500890652877773,-0.7341840522710739,-0.060916407909820065,0.5883549377521371,-1.8522433999301149,-130.04815103606865
-0.3354858002044377,0.7369446113027012,0.03522330588074238,0.38913621220515804,0.4293866904259038,0.13107705093109911,0.23477945649508603,0.09488894637864102,110.89866547127782
0.3302629727281139,0.15685772842990076,-0.6815431597276357,-0.7290148641021151,0.5531198277909267,-0.2537772659041963,0.09572045883608261,0.1782496600706741,20.519416894979464
-0.845051622548998,-1.4180221240935464,-0.6320056846910532,-0.5386221424520662,-0.9344831025572188,1.5096249067241345,-0.3824863654162251,-1.1522469741894745,-247.21322311987188
0.31741377263233644,0.575074537768371,0.008015950969307416,1.0804524054581723,0.34345411456593156,-0.04669342941229433,-0.04820263636572498,-0.9723101525747673,180.08583352929074
0.09315934322257675,2.1274126802349644,1.1549583917971655,-1.3667248700914085,1.7868317274645293,0.3128872162253214,0.12446096922105002,-0.04467677828767356,331.29217678598997
-1.2998135140259426,-1.6665851387194452,-0.8972225023694929,0.0016143178325889896,0.018332288855852044,-0.7580850974011539,1.620986907671443,-1.2635482540206657,-155.24409081378167
0.5150975646941829,-1.4075061636131636,-0.19869707996611516,-0.2293145967118109,1.2587978362334578,0.3232038830457091,-1.1021677625374968,-0.5923858904557162,-55.46519114056868
-0.4795784114016433,0.33170881821221204,-0.4783247909044515,-0.7841976933846101,-0.738083655133842,1.362737473725353,-0.3898749420416108,1.043435816843866,-104.30832711746868
0.289193043547962,1.1666274547794722,0.1008856566228356,1.2041040103114025,-0.1485985355643506,-0.3070338923609312,-0.3538248371049578,0.7768435803641839,127.57014746954644
-0.9070335306101127,1.065765654135592,0.10854484605082511,0.2816004202597121,0.3546326046341963,-0.3214948814996441,-0.3647577768769045,-0.5659739263781208,-18.75260241613535
0.14670026293838132,0.486682165117397,-0.7448386395339275,-0.349682273313658,0.5024550675726281,0.060723910769810104,0.4532867517039482,0.7780938392626481,132.07974797994333
1.286147143683246,-1.062554870621106,0.32409615310350665,0.9726626364175829,0.10495851441319298,0.045384689813286666,-2.6818736592617687,2.434041960472929,-138.94257400439216
-1.1216245013899289,-1.122184849239121,1.0782956361249743,0.153734780084697,-0.4915185917440389,1.1320710295251422,1.5710508332011228,0.0965358784146512,21.48492507598141
-0.05362083243880337,-0.42750011332186005,1.3880611844834803,0.3805748971863444,1.0968492061452866,-0.636164829209604,-0.4224885577273253,0.2773913950280032,1.4215045309091607
0.41662776019401404,-0.6621123968975035,2.1185709772616113,0.9269532307451432,0.6510858363623171,-1.035721753067509,1.3675858273450776,-0.10394322839307792,204.56193995336184
-1.289681993296752,0.07907535968834366,1.004384804554641,-1.096219685915999,-0.6099068647034693,-1.2723042599366867,0.6622103502658332,1.4900456763910355,-177.64281691836146
-1.6059971242410416,-2.3519259537367914,0.030609645175003072,-0.9763771520836926,-0.8286018581061785,1.1665791558820473,0.044862440241193416,0.6826366882506634,-369.1270230409123
-0.21420257727868722,1.4462945964491365,0.3414464352151732,0.6121611639829967,0.347917171521641,-1.3354266480735049,-0.5890852295208403,1.0114923733269512,49.2143879605017
1.1662331459861697,0.05342464189939637,0.9261428879037766,-0.43332384604221913,0.23431805523009872,0.23185719716978628,-0.07461612393554443,-0.8502339472898822,90.62350291056165
-0.4320358097374911,-0.5102478255472367,-0.6626754999913004,-0.7238849483274484,1.1669385760650255,0.44040300218142026,0.8313804089197275,0.43278504294592096,92.38354008724919
-1.540837988341424,0.5172811706116177,1.1856251907712552,1.2707229140639915,-0.007218256684241973,0.23581345902026143,-2.4725459922281456,-0.9669454168470283,-206.88466783477028
-1.7772095591489934,-1.1096840437903885,-0.22764523653556812,-0.4955060333966631,-1.1981710863448574,1.1745767088321768,-1.2397899542200805,0.5903896572685879,-418.86408732562205
-1.1809515965878867,-0.8154534177770997,0.6512981241357156,-0.9630514085545713,0.7871947402432247,-0.48468233257515886,-0.6197429751039231,-0.239284844173562,-195.58975004799584
0.728272108212868,-0.24529600073017752,0.27891340934629466,-0.03648676051318633,0.008283873030856228,-0.5149494750179017,0.6122373345368013,0.20572611321808548,88.49234756605247
-0.10929260242179215,1.2552384495447932,0.4009156527241004,-0.2233438128159998,-0.09865997478096056,-0.2048885982197315,-0.41538465923018053,-1.5684653715387604,1.191872622457499
-0.25180934346100536,-1.3722366032351931,0.27601209456167025,0.07653760788786931,0.9030001434288963,1.784885704343567,-0.18447359884704,1.1527746809538435,39.959234598119394
-0.6547052935314555,0.582028844109911,2.0936966479395327,-0.298976750915079,0.45835443239873364,-1.2907975506268348,0.3610837227314502,2.220608884376641,29.12777269086387
0.37611390752546575,1.584384933339734,2.032922478718167,-0.1879783669898661,1.338287844170274,1.092881069426974,0.8981602946470657,1.4233951671443565,463.7025471324104
0.6781643942813095,0.683132814434891,1.8102467129992152,-0.83195058446639,0.3531019047595447,2.554858313375714,-0.35327695096516776,0.2939235905870068,262.0891401425615
-1.158133045054274,-1.3811652410452488,-0.9925569197607715,1.8357899662535455,-0.06330949795040705,0.2204705226392005,1.2143664614599277,0.9572435158358609,11.140369704023902
-0.4834458224557255,0.27467885333723885,-0.631890196371164,-0.2587895778030601,-0.4782414440962351,-1.1254072873805925,-0.5596121871967847,-2.188613462386946,-225.04953871384478
-0.03677087138219208,0.1506706555141937,-0.8793667849605357,-0.46463158738749805,-1.2255802476102402,0.9195810177298319,-1.277897366860222,-1.109733561980942,-233.56171208388224
1.551029960175854,-0.8135917336435463,-0.1339130498169735,0.7401931892062829,-1.578064887322332,-0.7058190802025129,-0.9342698746104169,-1.112188784605634,-191.82660011903133
-0.04356629423188965,-0.02514482468324143,1.1906969187042489,0.28335508577849455,0.06380899481314965,0.12810278890044033,1.0815466622337149,-1.770382931000541,132.91921978632706
-1.1130603311390908,1.5746511622425718,0.996611145159862,-0.3214618587228782,-0.3249667632560425,0.3370629211007298,-0.7053645495555955,-0.5847218243779125,-31.130706068496366
1.4167486423189208,-1.2028160971302742,-0.4526057221267538,-0.3616960475682261,1.2179728492036088,0.9103005966803261,-0.0626119312651217,-1.0520397293641857,121.19584992628741
-0.06341940648119951,1.6166429717968265,0.028498202391141633,-1.3179317249542266,1.9020809793447464,-0.7784615540630517,0.3191693944532369,0.6858891885720256,192.30969239373078
-0.7620246675513062,2.8610671907227583,-0.6144791634802568,0.3043071699288759,1.3462892764595866,-0.8640931041744787,0.30968911753451916,-0.6100900460933781,278.99514218426657
-0.5782753361974198,-1.549061151161958,0.7779051909877124,0.347848452304787,1.445463990415015,1.1009219938233044,-1.1717682454914653,-1.6282842693379453,-71.59768658395853
-0.3200426108615961,-0.34809403469587197,1.1569428059028488,-0.5466647596993451,-0.9007186421181035,-0.4869955982634135,0.39598319422764666,-1.0453363982052164,-143.14598555103981
-1.9700938955667588,0.7502481846651344,0.1337576943571297,0.5488372176211336,-0.00717337683165422,-0.9141582254727095,-1.1416136185814416,-0.8458008507583592,-219.54574641440297
-0.17724082324006227,-0.5164807823110082,0.6438636065549771,0.8340910782244065,-1.1941254215514308,0.408217567841963,0.1847186437177379,0.48713573749217165,-55.21467991933915
-0.43406606584956925,0.23870862901751708,0.4374718452979911,-0.8334856106213454,0.0962860130877467,-1.5123973314541892,-0.4655353320273218,0.05133122027037908,-169.00349407849663
1.0522220717167734,0.1237584598596047,0.7035739779674982,-0.27977453023802407,-0.6496507804799893,0.36178430744229095,0.685009837045843,-0.2619158381080134,133.12037509245977
1.041114501304246,-1.2502328248009855,0.36642976292422386,-1.5816741248489534,0.6317275862425682,1.1826735785325255,0.1817299722698036,0.049064016513782276,44.78423745225139
0.35646619257451795,-0.03923315440251863,0.4956998684034073,0.33509830240916494,0.8809237401872219,0.0011702035268651566,-0.2637870270357029,0.31040940972504055,103.33353625861481
0.8369443867769963,0.7187717600425431,-0.7092041536322095,1.354385718916602,0.5275042439342995,1.0443526472279345,-1.1600297327660192,0.06880190810372282,139.3328959396888
1.2882035587583935,0.7363779666484662,0.01936132749925657,-0.5882628060623066,-0.13278753523879958,1.2753617346658876,-1.8998613192823477,-1.1729165642801698,-1.1349303044796724
-0.8353990907168917,-0.4578713699212701,-0.07188599260975204,0.764033260971322,-0.13843604240404753,2.079584222726427,0.09948285848483203,-0.5449626392066382,48.847494154291866
1.0506805746784256,0.7732946751244567,-2.014647499605333,0.8670289355600375,-0.08846666811179509,-1.3162606440846163,-1.2392470364708794,-0.7461219217259444,-94.27025195557813
-2.3051832736012074,-0.5684558547947647,0.9360117002311108,0.9034059889654352,0.499502748490931,0.604631283883467,-0.7238846865956636,-0.42579440249513056,-152.45442431277493
-0.40825250497630344,0.01775477447968276,-1.9315861336914002,2.734614391378375,0.7032553162525581,-2.6928534854432726,1.112485499704207,-1.0958303460656649,64.98358495392203
0.36121841982285957,-0.5191941290353713,0.07224811595168149,-0.7336083915138798,0.7604700581312827,-0.6991469742762924,0.6273634738935819,1.9728860412608975,29.71708383159654
1.7065836816294577,-0.013976050211296111,1.3305518137095196,0.675829530646393,-0.006587677801119419,-0.1266739548644542,0.1804591745898218,-0.4379187668520002,244.56755532408434
1.1189458111580441,0.6507560530442303,1.2163645751754038,-1.9113945993371948,0.7595315723236512,-1.2419411900947168,0.5389961189993464,0.46540087651959033,90.65593956774592
0.11046768661193912,-0.7825985586061355,-1.5682370420351024,-0.7194497932120806,-0.16815760872131252,1.0126707042458787,0.2828200369976989,-0.7316178228391923,-67.14525568758334
0.5715854813585068,-0.2838532969993732,-1.7350983424536963,-0.39291015579774036,-0.4600360796667471,-0.4317511432662877,1.046659407920249,-0.2528865413155393,-26.509678541680483
0.48570174143519645,0.8764518286643006,1.0240275082670562,-1.5346081952450932,-0.30489596600946534,-0.3424876796973644,0.2054672371420133,-0.4473362823783703,37.35759993841783
-0.17073108286125233,-0.23726310286819546,-1.2916415438926567,0.02362275327086993,-0.23781313040530314,-0.4629011240863459,0.8219652917902478,-0.4739299022076121,-34.73571932036507
-0.7594227729606164,-0.5283573993038739,-1.2747511545659522,-1.3102001743434841,-0.42743495316213637,1.151166150117766,0.06919987841162352,-0.6360871427972034,-199.08403055237443
0.2064356351442099,1.6730492391560903,0.8035588585868575,1.228887855268109,1.343320681824116,-1.5967165727076027,-0.43802743004627903,-0.17486230912056408,245.4421683122512
-1.2581103560419744,-0.44547993329698576,0.4723986095297736,-1.364324037636013,1.5079709194670419,1.600568894290094,-1.5057479433422687,0.5071417982929457,-96.69381007539329
-0.369461006158531,-0.5972982245818703,0.9429935839414975,-1.7989678420278699,-0.49483852470950745,-0.33884768304921953,0.39904812035045034,1.877949377889003,-128.14559390922565
0.5322363882531614,0.3770075829719821,-1.8068062220456114,-0.29740000743917566,0.4798949069532402,0.2823232127889524,-0.20867981714139303,-0.2902840840072431,48.16507651438771
-1.5913772404234003,-0.4320223088670478,-0.4309320433102712,-0.3744178026926523,-0.6204482574035753,1.3416667736399457,0.1413770413493267,-2.733623184327129,-164.32909875164884
0.47792569565920695,1.5246681290077484,0.2667609177130977,-0.3136345386345458,1.1385566143318389,-1.2865170574421656,-0.16324839418482348,-1.8763265960304925,144.3801326174137
1.0928084392720685,-0.805305449880301,-0.4755903530342348,-1.3096359331669798,-0.350284639525788,-0.26370204345046505,-0.25163715516877194,0.7542373516644684,-129.8888807674601
-1.4548098920258183,0.17512748339540338,0.4468006949775579,-0.15475272324038583,-0.4381153802031453,-0.8578888863240148,1.3436344232920383,0.20823082815927874,-25.04715233931864
0.15080335425873742,0.06606285999993813,-0.6728643694054292,-0.004467127541784511,-1.2193855082952592,-0.9617809994380198,1.442356670160725,-1.6802289406569744,-39.64583741511494
-0.3673973616468488,2.093387196553625,0.9281312773707084,0.45015097863906695,-1.9253666853128726,-0.18411982534639698,0.3461213653054201,0.6838914932936244,29.96084136896424
0.6880513899969223,0.6864223665458726,-0.6100639196811518,0.009854402092166302,1.4350598096331744,-1.252938773973353,0.8376221164709539,0.8541607167403628,197.1205451832997
-0.13237719756684715,0.10143398521161544,0.23730184663719345,-0.3094763405888804,0.269411630507887,1.9120188623319405,-0.5246046194008523,0.25257773555531754,87.91379849250134
0.18108025938348385,0.9445323894187874,0.9520189737631257,-1.3482935712145772,0.37592308326446205,-1.0318026955031714,-0.5539714911325722,0.09792226453023689,-16.1595601472083
-2.447919369617191,-2.0534840738655418,0.44185367142096693,-0.37813075949153835,1.7217345359824245,-0.7729743011358469,0.978382714507807,-0.291376229919536,-193.14472523950582
-0.2930019022567059,-0.7411136662589105,-1.7586054931586346,-1.8649221149144486,-1.5437810403299896,-0.14523565425120877,-0.6914433414774555,0.09545963953162548,-424.5660084132307
0.7315728238775094,0.510196549525225,-0.2095950757590193,0.4200573975519031,0.39315041907578374,-0.14862059240780556,-0.49728929890971035,0.6121322274168046,145.86636068228543
-0.6539048606385853,-0.7620748544679743,-0.1390106333715466,0.38039550481756174,-0.4209663252361863,0.9178833347668207,0.13019674439439513,0.5218892122063362,-79.24508136011536
0.7558407315118645,-0.4387390926090601,0.3918610240969956,1.647268294580608,1.280130737837401,-2.0708122447706785,0.454955492903341,0.6500971049293461,157.72438428775212
-0.33264979135696304,-0.35523875824292844,-0.6186751128059582,0.7228908761605413,0.6015577002075997,0.23184605149623408,1.9859351364700093,0.33054857492590883,245.81714925465172
-1.2058439947108277,-0.5036871853488759,2.2339082287696144,0.4813558379882848,0.24539884467089124,0.32154619264635104,0.3498501136680579,0.2501861672559084,9.47215630188532
-0.9151184112107748,-0.2469156567863767,0.2268074488509935,-2.363042698530603,0.61214311674853,-0.7275747221735241,0.39228459118283804,0.9460847052238406,-171.92902496047464
1.1906194007509643,-0.6458281217162094,2.4984862585838403,-0.5951201614283236,-0.45099905598087286,-0.007323900532352886,-0.803190796362035,-0.3723061139426797,-58.04970857765496
-0.29971123732782745,-0.19602731230796547,-0.9235446567132176,1.296885192726673,0.6547057037031101,0.4155026142980106,0.8943523048205326,-0.5907698188631366,196.82170406795382
0.9901061150751024,-1.0916527133965062,0.20824339608696665,-2.195541196330111,1.0749808686042253,-1.8181370007380504,-0.5097767412037881,-0.10529037274947084,-159.06651677600073
1.8661740828789004,-0.9261843661212357,1.1313918959553453,0.8261795647837739,0.5476436043144302,-1.85399486531174,0.28816043222311016,1.6154036326864203,160.38836715021313
1.055811083198302,2.6563120359856836,1.3795451258649123,0.3593878045571539,1.2260474435388393,-0.3866649264005079,0.4479115077403247,-0.5342392433485523,471.733683298328
-0.8683343270752059,0.8418363833326468,0.043662297616975085,-0.8226499802704117,-0.9730224932895993,0.49866363674859915,-0.40463669017474563,-1.2358263316794031,-145.71002845169653
-0.3751684048677649,1.382582719464279,0.37826235690706267,0.10480775445608617,1.0716551813765,0.48075898514045484,-1.9380463316630272,-0.386777225775081,23.035985128766107
2.363792655220256,0.4645705290813363,-0.4189622033758376,2.2732449847705007,-0.32937682517652417,-0.6636015183977956,-1.635136968307889,-1.7376342765980983,115.76909319048218
0.2862925640484046,-0.5558818886651701,-0.1120449266389565,0.38262009024493165,1.6164317028394681,1.3445330857172009,-0.4047669227334635,-0.6529793576511542,182.33660520985055
-1.6875309077851477,0.4271387638078032,-2.1484261772725235,0.9430675910964983,0.5439266470446382,-1.0581010869194516,0.09386397968073891,-0.42465718581016576,-110.4629994264107
-1.1771645547971263,-1.2502833929499713,-0.10466493969565856,-0.8973970541416829,-1.0167766163878975,-0.2130931734684258,-2.312065574195257,2.933192843834722,-554.2015587591461
0.3897669824082702,0.5968429058461499,-1.554719287024034,0.3381453722435005,-0.023931372837926748,-1.9989975096087886,0.8190177709078574,-1.8006891264267473,-0.2881757772286395
1.5729201114371587,1.2073950571368997,0.38301082937516456,-0.36216311080403774,-0.6215953912915672,-0.28683647940225365,-0.6147917732333731,0.22941818227909092,90.02561969136457
-0.9922796911688831,0.22716123501124688,0.19508437382593574,1.4302697624953624,1.0056629934554044,-0.07238992792006078,-0.5224182993463683,1.5802092372502567,70.18743963207419
-0.7831499933133195,-0.5006877300671944,-2.323672208715434,0.6145625540004351,0.794434512916297,-0.6503728722060392,-0.24423214575876415,1.258701689693697,-111.88189063315332
0.399081783306119,0.6508394897880888,-1.4485052030192715,-0.742561171269682,-0.09858895189430414,1.2906240664878217,1.5659488480028059,-0.6322300260193777,229.83975659264343
-0.41847491955196503,0.09463673750794031,-0.5947762258977226,1.9940181789997402,-2.747130335070725,-0.8016758740717971,-0.17998417644283474,-0.4882524608934028,-254.46754437181065
0.4672030512382232,-0.10816417512777857,-1.6654640110893586,-1.9274226278660764,0.3574954042579758,-1.138902654911487,-0.9274367653582672,0.8736582302721656,-241.10051454674118
-0.22984916880271514,1.6130225373883906,1.0335880280582594,2.167320450562992,-0.01689007632611735,0.3539719364119592,0.5960716296615813,0.9331129446947688,344.67346340665273
0.2064027086577187,-1.0009208358729764,-2.6369318430415425,0.48027491140469,-2.1420093499397113,-2.300099001415121,-0.8260532021429324,-0.9196076567870303,-499.9195710523346
-0.48021600435346906,1.9391639018899072,0.34875213946917893,1.0540777199417923,-0.6645214361332394,0.7780204868654997,-1.6240400778356097,-0.023948320674364983,-21.550620543651583
0.18146434032664222,-0.4642529853950168,-0.5496380970170863,1.2888828294786678,-0.16187254071120552,0.025407420648953356,0.5738296464780785,0.4782519626159561,52.80039659532656
0.8248172300035673,0.851080729177909,-1.5274901179787095,0.0013019072522532464,0.29975322954365374,-1.041753078964994,0.5736320240799937,0.1483513347511171,153.4097233064566
1.6301837847628933,-1.3007178788682616,0.7921203207760513,0.16749937079489036,-2.6836217667247984,0.4287240484072502,-1.5347941343291376,0.11162706501070713,-291.3281767144167
1.4976391155975834,-0.30019373680016304,-1.0500168110753734,-0.28263523607538044,-0.38342312293151254,-1.193591922258183,-0.8898568610207493,-1.1799820934582053,-164.34134707223706
-1.8143453166716663,-1.3753307669352386,0.5361821975768456,0.9430282303480435,0.7659520262979945,-0.032505342253177416,0.7432580239982498,-0.5036059205636733,-19.157910353441835
-0.24532627034413046,0.24221886223388206,1.9064579754833622,0.9990387208847441,1.5340573621120495,1.8202269425157434,0.42937040107602437,-1.0357054278484066,346.5713847436863
-0.29234608800516865,1.449449916565758,-0.10307295033171798,0.6585351679458787,0.7642930726431504,-0.8976667190620288,-1.319233486116223,0.03899583945347628,-1.4850446751809834
1.224101421124878,1.039104895615253,0.18610379087975204,2.4120869363274764,0.0473686384370566,-1.2952483575271965,0.11348955226274111,0.1428002963882311,246.3634412154696
-0.1642883031381154,1.2292842725696822,0.6637564203032984,-0.38892256949321063,1.113338065120037,-1.0274346430597932,0.7882945024087014,-0.24225435012027102,149.10956692417807
-0.38756549320176975,-0.29957009416171004,-0.6101291722063327,-0.6293963450055086,0.24009468867694325,0.736843173037611,1.1761495690578614,-0.9453012205686901,59.16660795965397
-0.23765427351416743,-1.3242333805901119,0.38580081270264516,-0.07856028002983671,0.5589443657448973,-0.751719444624395,0.6710010554215151,1.4393241026295867,-4.731393017298398
1.9066275720009418,1.3338778569453178,1.4292037939273434,0.9768214754109539,-1.0148159854484013,0.2604147382961021,0.16300197284698273,-0.6207098789552731,261.3576799117974
2.037141761156621,0.1043275252575452,-0.03831756428683862,-0.637580982691402,0.5685087866863185,-2.097964776507826,0.2365787269963689,0.18737557024541587,76.97528313068594
-0.21949450451100086,0.1782902416059603,0.592385242601458,-0.22725264975630077,-0.5923915927897515,-0.19488150280829059,0.039168649727583306,1.7403462953928241,-25.083449362917527
-2.7198218941642898,-0.6298289151411508,0.37715395275032854,-0.2399095337862405,-0.1517965284972558,-0.9033421043707255,0.5165187626546204,-2.927145014488884,-301.40039068615295
0.3792124034362153,0.16682454753398515,-0.23830663786966028,-0.18696247039374383,-0.4101157622717335,1.1643668775377836,0.3683843461118447,-1.7652922877542807,76.91579246611657
-0.7872172695868599,-0.05117951850078787,1.3729340279691153,-1.0022289632693426,0.351363291401286,-1.8504725244646139,1.383577074647256,0.6954556677955582,10.035543368098569
-1.0141936048772675,-1.0140003689732968,-0.4500638867939304,-0.5312757311459902,-1.1917708127724391,0.05300571077653182,-0.737025587919293,0.3650373321759123,-365.7419038356375
0.7804114733741203,-1.2064110440919191,1.7756728731872962,2.4106153628467557,0.6036713036788856,0.054435319522020804,0.4942762568219506,0.7702493183440214,250.3055362585512
0.574186874297882,0.09332711445492962,1.4925470579482327,-0.14897918376605618,-0.5724129941836662,-1.1440113290479192,-2.0359460892947707,0.7919029058616454,-241.80282984831874
0.48084103488252466,0.969321041252818,0.1924065017374268,-0.17305766806190995,-0.6466332847176289,1.4877717062401163,1.2096108715844158,-2.0310987379757828,238.1470434190577
0.4043850351446698,-0.5398297863780209,-0.4288156842781701,1.316188569864183,1.1643207122275303,-2.358740244747344,-0.0668315475547669,-2.7185572952248283,-37.9896957019228
0.7164593524350698,-0.4637037404565297,-0.5589297344415003,1.899864126132995,0.4334993227782892,1.1273542762771875,0.1588782134394475,-1.056326667337969,199.7116813563287
-0.3314251524255492,0.17565139602257748,1.226360002186246,2.9911974315494576,0.21625843795184282,-0.9592549781453699,1.4387494344490617,1.825189596294334,320.32012707012467
-0.20818463803482107,-0.5697548242858897,-1.0474003095341626,1.0310354281344192,1.1973919612451351,0.5988877823594154,-0.14274106749760826,-1.3924573831271485,71.00658734882866
-0.71713809637102,-0.6823723506305754,-0.013123743394290812,0.9122629008524751,-1.1151676581210264,-1.4684084220955664,-0.35383117391136315,-0.37741903677609495,-289.90899277387354
-0.38606173301298946,0.2658170812859494,-0.42483885421021084,0.9270823121769212,1.9410964341159684,0.7339532311750246,0.16861973484986892,-1.0924100879282785,238.52030706112254
0.4933706601468714,-1.142911642681704,0.2088999040322992,0.03514144807365026,0.271754220891006,-0.6478657565469474,0.4296134014315681,0.00631565280995182,-40.9149957316296
0.3311449139395901,0.10470337821659266,-0.6371062769467893,-0.20725238501593565,-0.6505509549870613,-0.09847402573365388,2.564839640394811,1.1095162296771874,190.39430452467965
-0.8616125094671385,-0.7782592256112928,0.40100990497304795,0.3049816489576707,-0.18215539388508228,0.709707708814287,0.19990874951280427,-1.405564643577877,-79.6728050638303
-0.47272761761230464,0.5629625298198612,-0.5750550483333472,-0.1917887356407684,0.12386598792068007,0.08194722684602732,-0.2034397367499141,-0.6696277669307329,-57.82458409335136
-1.27402987507526,-1.3470549889227421,1.3035523671164235,-0.7190447464634231,-0.25707177201003184,-1.1249888915343325,-0.07348538946303898,1.3157588630803674,-289.6791530432114
1.3616525798496015,0.6193871067306713,0.13465228350481762,1.6964505280045252,-0.18169025757000754,0.9482107297905383,0.9727365026783118,0.8922594054107039,448.5389161207449
0.9586744062342967,1.2623882332242125,-0.279464241981792,-0.9724222004942502,1.153453618111302,-0.6358116767435155,1.2138600981531553,-0.09337134274023941,280.76502031659356
0.22722051487766162,-0.5919460510765099,-0.23915299631567374,1.4721733434005027,-0.4974176870479194,-1.9414769687662934,-0.7170685092496757,-2.413114799807782,-196.2280753321555
-0.28053441083066766,0.4736964267989762,-1.3646746938079553,-0.26609461499101866,-0.41463765262952523,-0.21364069672020997,0.694462546694625,0.7537481843162676,-46.22827235974638
-0.8080847007670334,-2.301866455100574,-1.49103448968165,0.19106405017560982,1.4957896296354565,1.357298258434915,0.16362280980156438,0.3284416030337686,-41.67106149933614
-0.262846464931023,-0.5932325779654176,0.6733826886007698,-0.9046136609437976,0.7916341317545401,0.3549694264037489,0.2952517899850341,1.7763020870065604,34.93703171032514
-0.4980360884635438,0.8320420992556147,1.5771960683092097,0.2845627650514709,0.9973640219673463,-2.5559430143258406,1.3753638006817026,0.5396413978207535,162.6880035873147
-1.0852440845654878,-0.4232607100795134,-0.597280744327259,-0.6312784055953555,0.07862815936498266,1.6457046125589672,-1.6352710574804221,1.7983861590881969,-231.13084999996028
-0.6689266260427517,0.7516674490665171,0.08685126831779794,-0.8166781929936567,0.8848879535077754,1.1353174220743525,-0.9091182468293486,1.545037911585166,24.89294870741781
-0.06883225199056589,1.8104087106140545,-0.3222802053343651,0.8382967235260884,-1.0240344474727514,-0.11049783152711709,-0.7296794827597154,0.4202486831705186,7.726605170353716
0.49879300454939324,-0.45934180790972284,-0.42747182328946143,-0.7362383796905871,-0.8353985595835379,0.5438262804572279,0.012097935782394995,-1.5116362704764796,-101.70943621581867
-0.30706357204935925,-0.022753795634879895,1.0176454411237699,-0.3533319945322189,0.32352386435193875,0.1359216802948194,0.4751223412855527,1.1415449509414455,89.87440805828982
0.10603845335270742,-0.8861218513670074,0.21042459160226265,-0.7168744750835068,0.6319689635598517,-0.996964701003764,-0.3220497158868682,-0.1757918625307925,-116.5602258458269
-0.6006676237827795,0.6748980953187654,0.5163287234670783,-0.5858380108860296,1.3476078141802974,-0.46925724094819266,-0.04997598609542428,-0.09554174056387998,48.65903148748892
-0.6871397546307448,-0.11751047178069493,-1.0858834563792894,0.8629700668639305,1.3036824012313255,0.07683379894888952,0.3148567286784578,0.411317420125341,56.562633579965954
0.01141927212485524,-1.2212317700592001,0.009609556735905888,-0.2966194491556268,0.13306929294909908,0.5062534604955838,0.6320428893019958,-0.8916626423145521,0.42562645206663774
-1.3640391100184472,0.15272535241618634,0.5227491779193487,0.0038863956145453833,0.2762309975959213,0.4990821313212505,-0.5756836068467487,-0.5067560720782772,-96.77210411531716
-1.1322403544886142,2.414138771580211,-0.9190924705814663,-1.6353055655904862,-0.7001811312816065,0.13134305024559453,1.1498661893685589,-0.901719324992688,4.716477127199457
-1.2467901120427654,-0.08420946301695882,0.4545703387059477,-0.4932710820841417,1.501231830066861,0.032429451251687426,-0.45766054686383095,1.7511104441834195,-72.8994825834648
-0.28668790995101473,0.7006828554758103,0.6022944005746751,-0.34830105376989684,2.187606946426328,0.9885676305372089,0.5027868913983359,0.5647394224808336,341.17376739477373
-1.3339992108222531,0.5512720785034769,-1.1051854596602873,1.737254579722954,-1.2613506391240292,0.11462700068505138,0.32853868397286545,1.4289769955848062,-45.780336213450774
1.1466614524038088,-0.17448923740020925,-0.29060348675055614,-0.23671331301403228,0.9078028428755301,0.9477905617597936,1.3700776299556556,-0.38214830529485516,319.0793911194731
1.3884584754722349,-1.3630103606607675,0.2790932893924451,-1.1490539444364247,-0.7257252457492566,-0.994675827426925,0.5997693073189162,0.9747907679380946,-93.49908679316034
1.314150357786498,0.5816849149289284,-1.367766896758337,-0.29218188497583686,0.47800014807077096,0.6324056175059746,0.9768908750866896,-0.6511869727634076,257.0007816978621
0.8585241482267201,0.6848136639356476,0.749456589601264,-0.8060470669797566,-0.3719944947853094,0.04907908470016819,1.5428866649639912,-0.4338228300717644,225.74470339125557
-0.44036079670166844,-1.7219434881895856,1.0298182659725217,0.09893436802081282,0.7997741340642672,0.4415152187538995,1.2214326887819058,-0.12967774166696303,58.67658174323241
-1.0999669699938408,0.6536624383929763,1.4207729418999904,-1.5626975411927493,1.0872826987998756,-0.5738492939346316,-1.3404697055286559,-0.841984699172482,-159.57905072018994
0.2155627368715572,0.22534415103940622,-0.6258439914068106,-1.5004737659349117,1.2908604029716086,0.17735267160986867,0.05648468604503762,0.7443945365523172,39.476068196298634
-0.18893040085697363,0.35013602648617703,-0.9122151444990179,0.9527642606036735,-1.698015953251306,-1.9948220401364674,-1.8227513739182315,0.6692207040450631,-385.56806291846044
-0.20149753537178353,0.6653821344969715,-0.92831270512253,-0.38562493092312916,-0.8161882948740024,-0.43030970801116586,-1.2109386406321325,0.9843673388548896,-202.06056614646178
0.41237624799712486,-0.13618958901856845,0.7395603649295156,-0.174350187903537,-0.5503586043984869,0.5340065390099948,0.9496783981520422,0.18028041534424424,111.49501412246917
-0.6467707286894431,2.086049999619483,-0.5234045634793264,0.1962916091992648,-0.17000702236705073,-1.9128736005683715,-0.04695937522617456,0.9423774851181357,-30.694460066548576
-1.190308344127342,-0.4170548542185988,0.9179749501415195,0.3324416172495672,-0.7635581769203396,0.925049131036388,0.43775593924408246,-0.03149524312796543,-61.05768933367323
0.3238087275691594,-0.9743978868873939,0.3767448625726992,1.3623015148994126,1.6623135080856697,-0.5519937649332269,0.917194170392374,1.4669445693076046,201.33637898114708
0.7107196950759865,-1.2293330267291098,-1.3600982073507761,0.9295999872973145,-0.5448908305625705,1.2373772335614912,-0.013951619335094083,0.652403006468339,10.622623581557598
0.10113327846987187,-0.40674484854622517,0.002248781927121279,2.2935187598820024,-1.1606054598481275,-0.6878943670012494,-0.579244283868497,0.5725293947469208,-49.32082167337373
0.9527521068080977,1.1337520096725795,-1.2938324538845123,0.0988218174484498,1.1566436696057807,0.18838965896819843,-0.7849131134999212,0.69925537337029,153.21074746837246
-0.2724277365115808,-1.1850653369411546,0.2631205570992081,0.9170400140177888,-0.8772915212090775,-0.9155820956373435,-0.0357951500993421,0.21884493638858005,-176.7194350910315
-0.2148485000467459,0.6333005232724431,0.06347467500490386,-0.5883120887714379,0.11943200119241847,0.0026741123178509302,1.1729475503392728,-0.219548163513094,135.06911249084453
2.017115397085664,0.8273312754528986,1.5581939822524857,-0.7363372802265633,0.9284783512960542,-0.13197273967831374,-0.8086825805270624,-1.6755329858964216,223.1630962376028
-0.34081003191351184,0.4744804386046708,-0.2272348232930233,-0.3390667018574402,-1.8226016084577321,0.10195443149808996,1.1106407604332935,0.2574331500204663,-22.11380090999067
-0.5186296707590339,0.8787774526781147,-1.150273923473612,1.2600080359193417,0.6266994092911682,1.3685400935194756,-0.5356936647984795,-0.9614422728109644,123.63258586308395
0.14540292628757315,-0.4240332942172923,0.6939159766537396,0.3089949328309472,-1.856537821054796,-0.894217815569264,0.05727330731878946,2.23939857967482,-152.20646202654294
-3.6714407164475813,-0.6244997174568238,-0.30858635676469565,-0.32980862432289904,0.5778511343590454,1.5040425087816676,-1.2879354184451375,0.10449121332727203,-360.6015819727977
-1.1205818909417167,0.00043130524736964575,-1.7316757320762812,-1.6368781117219322,0.7203093606519285,0.4200987037933632,0.7378378702408885,1.0452166322802106,-82.31893231232644
0.1598820405634864,0.273439376763176,0.8810988778211145,-0.1530094335330718,-1.2944592077996184,-0.8871845201574059,-0.07959962103350736,1.6203367853608108,-70.8381747756823
1.152806915542219,-1.0898156669638073,-0.15824237867941812,0.6660996039194125,0.21628618591618468,0.053848342885793064,-1.5338818232924951,-1.0395818451657957,-114.56886666611625
1.0907812199444147,0.011446860056387518,-0.47185262124891525,-0.5900260637218907,-0.9223013476102624,2.799063197616488,-1.3136833804205998,0.024929976974473026,-12.799554729617991
1.9294128161727764,1.4735034268516447,0.6703941672869572,1.0726831520297435,-0.47260834943817903,0.020677412489762362,0.20433243100727336,-0.9909415286020168,314.20952498644016
-0.41077530989662975,0.6021166855387783,0.812618779930722,0.20789097131303091,-1.4306120437295187,-1.1115592654272195,-1.2024405352335474,-0.3468922161175401,-276.1108900349785
0.15630547939729053,-0.24942187173809435,1.4456337850504368,-0.9703050474759741,0.41948170667519585,-0.08746033693910879,0.14814727761426486,-1.309329133480454,21.131714806433408
-0.16822004489859607,-2.060947930773157,-0.036884549229953954,-1.4232735982370954,-0.1564582126267677,-1.010600404997209,0.6879627839636724,-0.6970210723795703,-258.7321636350721
0.031186826430192653,-0.6582615623787684,-0.665275289154669,-0.7733143196665577,0.6055717802431411,-0.4055419069674251,-0.08117924675985919,0.484938301714973,-104.8604329763597
-0.4139642626397224,-0.09667152205815982,-0.36589305259463945,0.06383115842452053,-1.1816448920038203,-1.4609639842564617,-0.2991614698474108,-0.9132169107136536,-306.18428983632276
-0.42026632180736134,1.2820926250177223,-0.030508849941407817,1.0263713308127662,-1.34136562707248,0.4921444591748181,0.8857208066664711,-0.9511904580877306,106.91842890962862
1.2210720415777336,0.44107924595104064,-0.2958847912903343,1.6503220655499686,-0.2889635205095416,0.5007981304484955,-1.1546895996595072,-1.2421891157056641,131.39524135604668
-0.4857301519744798,0.8633301979789094,1.6489900398907438,1.207910568178059,-0.710420917993064,0.0361485669131025,-0.23757860383269483,-2.052458922273185,28.902045001256983
2.2152777202791087,-0.3881435389494366,1.0740154333512428,1.2230925133700352,-1.0147278552208154,-0.20535737160087203,-0.4481794645642863,-2.0965646714263824,105.80925255510087
1.2465200144379471,-1.4710265200270416,0.15020401687224227,1.5591883042512025,0.7783491230244799,0.220624126943748,0.2697476069911019,-0.14936409398995665,171.0027282564463
0.5391543658089182,-0.5627105766101123,0.23245616095882385,1.5488173728191905,0.21354384237561877,0.7725590365646535,0.3858925522259923,1.3634005726194551,192.5217895240061
-0.7647110965567393,0.8366916228828878,0.806573451748306,-2.2551775044276208,0.8451068897791083,-1.0379681230523572,-0.1600205752980535,0.502936280647036,-95.12069716443943
-2.0575067223382835,1.5252355867007756,0.8830724164721114,-2.247137282601938,-1.165468749932982,0.13467824300492168,1.6273057365399164,0.23535270859097496,-67.6082444316763
0.7142350022342507,-1.1740978801759814,-0.3631100618957532,0.527962629646522,0.19239745408142359,-0.41273578761921254,1.419984227236567,-2.2398425917899494,101.78355410244231
1.0826188933350844,-0.22247280615687853,1.551270100245139,1.5131937545067173,-0.02088136883990571,1.0975446616817806,-0.40900518759951576,0.3504296849128072,218.7558781714847
-0.3298456760483574,0.554297413781706,-1.8704325659343166,1.15661609028656,0.04038205681820107,-1.8690112708780557,0.6594844363546045,-0.5657155759565604,13.580041095005893
-0.5263137209217617,-0.4437663363701643,0.18831631147716035,-0.9508218427370971,-0.4255690044640145,0.10353257457158452,1.587070391559867,-0.7421971290243231,3.4777124332824885
0.4937166026883485,-1.7520514872763773,0.6102168813150123,1.21650502301569,1.3993916071329366,0.7969353681940974,-1.037462402939702,0.5771808012867101,50.20258419924429
-1.1543538658118961,0.7631486590455258,-1.7015131778815937,0.35354344671185656,-0.5368626372711908,1.191268620349528,-0.3769934767504697,-0.8445396095478273,-43.46387114816429
-0.6415974102109185,-1.0083695153282797,-1.291943005623029,0.7155103392926304,-0.28702810565171727,-0.875311719612177,1.9779645286100584,0.9856639558865791,0.08991506582626219
-0.9045716035430131,0.06859847403601785,-1.3335057162487929,-2.0756998007767384,1.0524582110841532,-1.1894272074697925,0.397281707533596,1.093929852158847,-141.18643797641985
-0.06091097754965701,0.3480572545149731,-0.21871481721427574,-0.4200512725322274,1.1075416478247722,-0.4115538978393629,0.029590795400438956,0.8040580677592815,70.24821601569761
-2.138494307219344,-0.7927931648935898,0.2927427868355969,0.870550727129301,-0.20232878521126707,0.5388716324792784,1.2349892614443934,0.5436546714388102,-50.50423973164881
-0.1521997317158429,-1.9148296443937944,-0.36170114858163843,1.2810253106267395,0.9197042283239063,-0.40323593973667154,1.2393776500025198,-1.660569650003258,58.002623744641745
0.5157400241616822,0.8263289646645654,0.10369317106276382,0.345456080596211,-0.8431625641383204,-1.1825636872914087,-0.2700353642663958,-1.494837398059416,-43.40695927715892
-0.17679299582468436,-0.4350898372838301,1.7973945504665976,-0.2182059677948413,1.5295929954186789,0.3225103280106158,-1.4032010061727598,1.2493644855676669,-0.20148049502630982
-0.4420343930701779,-1.8948479102604352,-1.4494182238753222,1.3702443083127271,-0.918750202392267,-0.799382144803569,-0.40171334886709603,0.021823596237141824,-329.39200049821204
-0.8833483674265616,0.26801136781500007,-0.6302573337371532,-0.6797167149442126,-0.3386345749385151,0.37057083774665717,-0.2987196623805266,-0.48875986092034635,-142.80262701943283
-0.22368184756304488,-0.2767911822009234,0.9183573804571645,-0.31983990776500454,-0.8549071036958178,0.8133492554353746,-0.4445591307772022,1.2615745825942208,-64.80011927431067
0.2999386909917667,-0.5378456941045545,-1.301887300531997,1.2187434479337034,-0.3104239292325572,-0.4594100277869089,0.16280597086200338,0.7088622486821422,-6.3318221941070085
-0.7625040440285487,0.31094338529584714,0.02149970127040419,0.7878991812310311,-0.888174288566349,-1.3001616406594203,-1.773719089005322,0.34027849214462186,-319.45376856437997
-1.6681307803811298,-0.6966009801385331,1.6760352620261534,-2.044822304965792,0.53610994760139,0.7599238378510368,0.7648056081824715,-1.3214826477987347,-109.78166714531947
-0.17965482411403635,0.385492065781143,-0.02052006913420519,-0.49788619818810914,-0.5057306523055822,0.06622760128681088,0.6164573136098194,-0.37905437046834706,23.202864981888446
1.409213696683474,-0.30123552258197284,1.1721114483485828,0.6847419160630644,-2.6561785958400392,1.3775474846843367,-0.8872849736016589,-1.0320653492890612,-99.49468418264142
0.3294858425581825,-0.4822411940974933,-0.30108373468331334,-0.04880423377035076,0.222208796629386,0.7446288292921754,0.4106677034111289,-1.0648412433257,64.28136539456779
0.060345847868502576,-0.18536053915171957,-0.22980393269077168,0.9757826250950817,-0.10766707347332763,-0.1669497367315875,-1.401424669727377,0.438504742755819,-101.28298895937884
-0.9566152131279938,0.32130695914009144,0.3537006385274159,1.6862210892789642,1.400928995167462,-0.04771766801778589,0.7922801954133399,-1.5903795364015056,178.67549597449178
0.15094715017052765,-0.8773966373458273,-0.30431146698263056,-0.43248940050475904,1.2826977906011254,-0.7041862898833761,0.7295572656739382,-0.879821401624765,23.21438915300209
-0.4236733343304284,0.9871698628977155,-0.2315715623214268,0.7693264015145561,-1.2980501155009252,-0.2160011190026117,0.2725877790817963,-0.6345303701510118,-21.621333426305306
-1.5935903432069223,-0.5647263626800826,1.267809975059283,-0.8938333387029741,-0.49213259683626137,0.431215315300916,0.17717232981589515,-0.6924163337203284,-191.743434382791
0.2067316008922415,-1.5123713297266987,-1.7273940888836317,1.512711179674399,0.5755207129110113,0.31469366485496103,-0.06840390247118391,-1.3552846509696452,-54.36514790273957
1.4367196223278413,-0.12938830017230538,0.03587073160652154,-0.06207399541180403,-1.7299854787193314,0.978076529569383,0.3226530434400728,0.5666106481946956,77.10980041340986
0.8032062445425182,-0.07437496718747871,0.1727117009705753,-1.3850070531299699,-0.4592170466214602,0.6317185673302277,-0.13055979701781648,0.7277791575526039,-11.319097934059812
-1.0590248154464457,1.5950941094916444,-1.4248468422355889,-2.122581571252231,-0.003427153301419459,-0.0773039457781886,0.4186399466642541,0.23785638974111226,-70.80662240036236
1.6086320154104339,-0.8772512770502505,0.239265866720492,-0.05218362533825597,-0.5894136783632421,0.2661418997657463,0.6281595982354045,0.6585542379738831,134.5756725316079
1.5708144604201235,0.3515880727930248,-2.6648582511248047,2.1128327400155844,-0.022784765899919162,1.1957859336870034,-0.7185668527714465,-1.5751735692798179,198.49790896268644
-0.18668114152668752,-0.48484911085779525,0.4989242972225776,-0.4258704815139026,0.5187493692879019,-0.3832846117960861,-0.5517251696117028,-0.4512979280478674,-112.18301838394005
0.42624622452644,-0.6368527308768586,0.53898733259028,1.0301900694557022,-0.8056032537038876,-0.26317492676825016,1.6239092694046526,1.1489282992438992,160.63141018633675
0.9458488496495835,-0.5073072895842213,-0.3216348520233525,-1.4444279324225524,1.3632233885660603,-1.0260775627122463,0.0399298116709347,-0.13123982066428486,8.155810729701079
-0.09622709759602656,0.43142814307015703,-0.613476705899225,-1.3824571320221533,0.08234665963123543,-1.6808436327257457,-0.43313740776209736,1.0499708544777997,-217.01726561025453
-0.8291989072251074,0.8897913758390155,0.3691489632064775,0.3277219330819718,0.458089550041639,1.872964518589392,-1.74386730950405,1.5580761745066316,-16.38419861848849
-0.8290941645874121,1.882638438413983,0.5063521141491859,1.2214330213907894,0.7051759141652411,1.2641529747950544,-0.910014543441226,0.8678669262095599,185.9479190085495
-0.5149621479337398,-1.0238178154136135,-0.3408430801727299,-1.4946038905415227,1.0213153574798117,-0.007197208397151547,1.5103629684469118,1.0823067704369698,47.27665307960012
-1.924531919978366,0.3329452459855274,0.7832467555964917,1.105133353672633,-1.3926316696506689,0.563460839697042,0.43759364498695213,-1.2131006827574031,-98.29657952793539
-0.31461424203504207,0.9071699754339443,-1.5722195837419282,-0.34861134508218766,1.5526730187685345,0.15848666013926938,1.146684912678245,2.512388303733097,233.77304375910478
0.48361934869505774,1.321808862111742,-0.7696800264968446,-0.5037462003267174,0.56473077057163,-0.25388161044923363,-0.23249772286904488,-0.7677953491008109,94.37089624702794
-0.17927296029072437,-0.607207013705663,0.5670059848927206,0.44900398627911603,-0.6023094873085832,-0.477785117460572,-0.31446039674347,-0.024732251164110063,-138.14382091422092
1.551923626345298,0.1910923755117545,-0.826373981337874,-0.6338958577371246,-1.4937274095330322,0.43009032979435136,-0.48785730543381634,-0.8747166862108263,-93.66025810233008
-0.30219370838207127,0.49562034704647157,-0.7122286009251483,0.2131213189320453,0.5671528898754503,0.10422712917589927,-1.0899818061839366,-1.6627848436992019,-64.6110583665892
-1.232083959865164,1.0080191589554075,-0.9213202745222915,-0.4107033868070212,1.4465616232009018,0.29335857086545425,-0.281313329501981,-0.3369634340468582,17.033358742636757
-0.49926135478933403,1.1563560246605213,0.2962286041279967,-0.4063153121350043,-0.07397312356652641,-0.23610570166362105,-0.34684102445713055,-1.6974521904552795,-18.475950561888624
0.49710151164664307,-0.19116532950622336,-0.702632431984918,0.5253552707735079,-0.291841364395948,-3.237396024189118,0.7507445829473435,0.7174067299470736,-69.25811606339862
0.07018676613430963,-1.237122440140656,-0.9493599682565917,-0.2976175250183152,1.3381518951116476,-0.6481203465738464,2.3549774265154446,-0.045546280970036594,163.29523522911083
1.619803533173566,-1.1343220379003554,-2.249631219102697,0.3524811312437397,0.706553477523711,1.95652038437896,-0.6066817802188526,-1.0538441451140999,97.68497766626949
-0.20025782628353186,-1.3471489205866356,1.1477883824991042,-0.33562313864338467,0.32028588877063474,0.8232698641455924,-0.23561714817076668,0.48697486211389907,-42.38946228806763
0.4735931478951433,0.7620408215040778,0.30639185620989123,-0.3302728171222371,0.10201495264943532,0.09143834345050572,-0.08695800974737135,0.09982381376387889,51.813730024665105
-0.6604253632649449,0.775841851991714,0.394207534892543,-0.4214844277004828,1.009599498341722,-1.426894377482088,1.4639832539022282,1.123888158002286,137.85924286671937
-0.7149021385732183,-0.6795397769022593,0.22956328218183067,0.335871418680894,-0.7940692619332244,0.3052805720315256,-0.9423670502601507,-0.7443885767481326,-179.63843839031546
-0.368360702666703,-0.6999322974644921,-0.23300366467280925,-0.4806981856792004,1.1404735804965997,0.3458244286296567,0.19720759230014492,1.5299950491169432,33.09267539280541
-0.13863246375868793,-0.346155511132001,-0.36472781828551626,-0.7436359200298318,1.0425226892865616,-0.41842300788520975,-0.8911342172796097,0.4754567930134046,-124.82684980213527
-1.6359481623067575,-0.14641438462322645,-0.5325657227811661,-0.4097331858998566,-0.5943227873372381,-0.28224048720452377,-0.9389986549949313,0.43852732603168076,-298.62213424902416
-0.3778590371850973,-0.19436182848719327,-0.08731490510526659,1.0207877055738288,-0.03055148519679713,-0.14207686054490065,-1.9082721940628622,0.4377314842596167,-192.3895110288323
0.4501832164896985,-1.616903574024165,-0.2414016490417447,1.6950682590059751,0.8343544393679391,0.5653633837575611,-1.5348040341033955,-0.24501623509281753,-16.61250294088225
-0.20071925227522927,1.3499044829194444,1.5857728876753914,-0.4326443482602227,0.5926797117035582,1.4050042071587765,2.3518673005098214,-1.6127649143424707,452.48443270078474
1.3407366468787216,1.1712333601447993,0.06617838020746891,1.2327744341130262,-0.4352361694175715,-0.21785546494750685,-1.3406951967052962,0.09816248900410691,81.57935401244423
0.12929337632676832,1.4307951492801163,-0.38910633182441345,-0.10561642104440634,-1.7711064399774124,1.9502397092791675,0.9905002724617399,-0.15621252449269563,178.52414942716192
0.6384040769608658,-0.2958255578635711,0.27632585092491746,-1.779630165916471,-1.1737097320529846,-0.24158196942670915,0.26351110326521765,-2.028476797248017,-167.78238879750594
-0.8189883238966212,-0.8388646612474493,0.9407876985425555,1.8735740040631461,0.05607189934230358,0.5790756224652944,-0.3657159469131317,-0.4432169742427138,4.68122404548345
1.1267869629416127,0.4631078841991788,-1.7808150511343273,1.422266792418647,0.023447554802563643,-1.869280239002512,-1.1399393153086468,-1.1766390898864887,-65.08845698174312
-0.28697573302054963,-0.60017227140263,-3.1262441255005444,0.8284581003475834,0.10474715903073357,-0.8618676553620821,-0.37785249823775197,-0.9492993043990678,-218.06542080364957
-0.1427456868592595,-1.0012753256317404,0.984960450577619,1.2145652356475367,0.6741761146483013,-0.5789272550985871,-2.125653786877201,-0.6768644821034193,-190.08889439700303
1.065607197097827,0.8097342580535631,1.0170796700504015,-0.6467396832299109,-0.29174391432671226,0.8732108988535852,-0.07234307198501783,-1.3532082856872347,157.71483552755174
-0.8083631042175259,-0.6473036358347557,-0.07527142190321626,-0.10562462199474665,-0.40022355493089345,-1.1716551842791154,1.732477288455241,0.5083263355496253,-14.650881653379699
-2.002018383317704,-0.990600261502141,-0.7679829472550065,1.8974827891612127,0.2321372738530216,1.0378608913560863,-0.7595114224394619,-1.359944290357137,-148.44223732150212
0.2529132052653061,-0.6279319374374606,0.6938360512824161,0.5611638134799722,1.0660966891461898,-0.536234935521913,1.1853008049982292,-0.2945202630921889,174.45516732308266
1.121773209537399,1.0727340709822881,-0.16080434995062454,0.983958644221199,-0.1775369805974537,0.2683019765515943,0.4367235202798715,-0.8521528650876156,249.01163352055278
1.7246458962284568,-0.13205410073674043,0.15820019276916414,1.0475316571321267,0.4211186682176753,0.19365000462550794,0.18303950058853105,-0.742356236499713,201.3505718798193
-0.2427490786725466,0.5052993741967516,-0.17154826119572117,-1.4532414124907906,1.0176580056634932,-0.6254289739667597,0.6004985159195494,-0.261356415191647,8.647053874532947
-0.09482804820798413,-1.4069190156974312,0.06503186108689238,-1.3154674923526095,-1.3954496524298012,1.6356384062516114,0.7758046534527863,-1.3747614273869246,-159.28594688455937
0.9349162360962767,1.410132855925383,-0.3593114745909088,0.19280904193784865,1.4312026086025866,-0.24254652409935334,1.114279960933631,-0.7196711237236882,395.95261165405225
0.317479362678574,-0.9019512996949667,-0.5539619994764499,2.451698251253954,0.42409059958761847,0.4761464307181149,-2.619465436337057,-0.0003279008998228485,-91.42295006485725
1.034754033248173,-0.6502064492082307,0.9113039350195006,-0.5479126587311793,2.7204910674194487,-0.5666932011794799,0.35271772805769186,-0.30730564468170046,231.63999385446016
-0.7977207992325859,0.9138845218730609,-0.7256553739631173,0.9301108060360292,1.1528810618202097,0.15010169135882692,-0.5819247290505282,-0.6571408689719348,87.28950971994557
1.08161256758674,1.0945592502956585,1.1621602219757372,0.8294910914670973,-0.462575494750085,-1.1962432551611009,-1.6758411618787052,1.5368453560080988,19.530273947360115
0.6509725490141369,0.058058722031875766,-0.5223458711240498,-0.163379717771688,1.2701131037766415,1.1028606791891185,-1.269184424533007,0.43924261489696154,64.67789182948181
0.5194384892509301,0.34293899958972734,-0.6751011768376889,0.6708933263527057,-0.1430246842651897,-0.714959783791137,0.16210259060537593,1.2402326624537423,82.6521391258483
-0.5867983004576599,-0.7147889660715644,-0.46996521799946495,-1.6291372113129567,-1.2122868479053641,-0.7078426814995935,-1.104517756538192,-1.2556950327927592,-474.6547183548271
-2.2520206917854133,0.8538190976733618,-1.4118134333915138,1.2446973203306357,-1.013536544167898,-1.1920110368394514,1.0026975984696191,0.16297192706412847,-148.39957517659647
1.4841983763840125,0.2685510296237492,2.210162154681324,-1.3161049085741225,0.8759235602585026,1.180094374215351,-0.7650157072903476,-0.35801610464655326,160.42587290843394
0.22963098014319527,0.1742731688618002,-0.5463258999449827,0.03502410797030479,0.7088351958551766,-0.5838358820337184,-0.8852801167623693,0.17502264696017364,-35.48100126181588
1.009486588842341,-1.268508829332675,0.19256051698078033,1.7647620933378694,-0.1077171651131764,0.7962998688847539,-2.067299277611368,-1.7662222474521112,-108.22262064973013
1.1350337479262516,0.847985962845698,0.4966986936308216,1.297003846106399,-0.3076322479386285,0.14947395317344578,0.5706719008311929,-0.0451161934275255,306.3243635831472
-0.9547308305013726,-0.28843772046102223,-0.3538664192825416,0.3515086113453014,0.7339287026389938,1.5461155226244236,0.34987407786608204,2.7090842217876134,132.86693006873745
-0.8557898906199728,-0.05125972710909499,0.23771101785606544,-0.1985232164878216,0.5384963981628567,-1.3401425389868218,-1.7838477832939337,1.947765921858077,-247.43634160590798
0.2794410328967602,-0.8876988380569579,-1.7372541707485825,0.9008990568768215,0.46254019258753226,-1.0372284055471575,-1.0020678538634842,0.6913052696195303,-145.01404793292576
-1.453592930897825,0.6113329039991398,0.21317205559347402,-2.02500411593095,0.49732893194683814,-0.9203645433390283,-1.2280317377604255,1.0173739586064368,-305.1852854273188
0.32330734839283787,-0.4942158090791054,-0.32140160542431323,-0.8185225495657003,-0.725246950729464,-0.9278157101328715,-0.5721912326725684,1.3899742495946696,-232.08569809100538
0.32279056559401886,-0.08986617449999298,-0.00874778642757951,0.2324207969212354,-0.3251942763665893,0.835024699747441,-1.7751016147215342,0.3988377916055981,-149.9961994553589
-1.2568506057772815,0.65049935731261,0.6835684999945898,0.12288978246099734,-0.6048947596966707,0.776074230546339,-2.061683736007767,0.3248359714873917,-172.553249262389
-1.1985786405651084,0.7239692342541924,1.213960863487651,0.8342190206486778,-0.9757657603441515,0.07320191274238136,-0.09088201796923957,-2.220320961145151,-68.17079156304128
0.6405126054359133,-0.5272016983846851,1.8171473807650498,0.07943944546553136,-0.06265278834828976,0.5349488803825244,-0.06154983515607814,1.984696999103048,102.31415102493106
-0.5592092683096196,-0.44937089497706745,-0.7717638553789485,1.3167905638932393,-0.4908877097669967,0.009826721779957281,0.810626524747857,0.7258374751726563,24.146740407365403
-0.7751798440384994,-0.3183265326116869,1.0115206634767062,-1.165962980311669,1.3049281563769164,-0.7955019351950028,-0.9431931079971374,-0.12021815635869032,-183.08321195609
0.370263003348156,-0.8747702727461997,-1.2672535888487273,0.5707138003098774,-0.7521323742823203,-2.1377925677854868,0.31016524967641707,-0.5593069965725498,-201.75817240574918
0.246985054536188,-0.9205554518834398,0.4504978574563355,-0.03809824364952802,-0.011381973631953953,-1.0573709766514818,-0.5266206109390934,1.0132690510682318,-123.61854381321538
0.6932720233799977,-0.9313702019166228,0.5634388879344141,0.06054833513141741,0.9586205553881884,0.3560684463175608,1.1814553846921905,-0.1801290706110828,226.3248585582378
-0.5102800797795196,0.36312773293223405,0.2567250107893334,0.1843693813970733,-1.8878490944100732,-0.3920479938572464,-1.1385849505489147,-1.2445248656855563,-271.1023769275809
-1.300952257183401,1.5717004113530213,0.43797321202192435,-0.8503617682238669,-0.8009993438634638,0.173260753367858,-1.032467648163262,0.25840844196588353,-206.16117106038342
-1.9619181822850633,-0.7854610377129025,0.05325313374794264,0.37633954151065047,0.9864447955946309,0.39059345491442093,0.5102277530513804,-2.1151373489147907,-66.28381824544621
-1.7476028398720556,-1.5778669893387545,-0.42497889780437764,0.040300284889835836,-0.8636729269033768,-0.35450831015158163,-1.7034455306640965,-0.7640454351969841,-530.3679296118694
-0.7451438587844756,0.8662673003926259,-1.6769067699569056,0.6341232298252999,0.06668242076976068,-0.7920781466097899,-2.8114297178288408,-0.6394123600785169,-363.3129957576478
0.11057894801572513,0.5284770594018544,-0.3779022508107692,0.36835957416626647,-0.8062145131417262,0.6108342413596207,-0.6211443684079482,0.03646451222967612,-40.55009495128261
-0.23981145799790096,1.1043034481275007,0.06401404298531826,-0.34275251970461573,-0.03017931516998681,-0.39304744999875596,-0.6587930099629625,0.47422062201751103,-72.84518898448644
-0.8746487788835402,-0.5162946632453677,1.251456639742518,0.16500383860541135,-0.25249746249465116,0.0733478704889976,-1.179247033374162,-0.9868706358746788,-182.4430550231363
0.2948137038455425,-0.6647155734837235,-2.7615174680703904,-0.7362492908042426,-0.3713121626087335,0.48828225611598014,-0.6135235839564444,-1.383796301504306,-218.1686001380952
0.062298434952102626,0.5201797139864811,-1.0038043327321915,-0.2680411724745198,-0.9711169381708091,0.8194450576963536,-0.35780736827839227,-0.22023305878428,-77.49983917760592
-0.06286480458170338,0.09760645587056166,-0.907107459321942,0.11270836464257501,0.6130171578987892,0.2906339563967286,-0.36588644496789124,-1.4745908001052173,3.084379789545727
-1.2818934832549878,-1.5680659355903415,0.4102994660655263,-0.09676225073317579,1.7375707911623364,-0.5872075796800261,0.7189668130102207,-0.18255511898080864,-55.668417881551534
-0.7291336885866828,-0.9644691597373529,-0.000613178603252388,0.10660921261951628,-0.39095907772904465,0.85621870809415,-0.3398404156985216,-1.4267654651606028,-170.88122229467012
-0.8431776124555735,-0.9051600874324774,-0.44324859205436,-0.4343822027998435,0.8989289741838822,-0.14213549785909327,-1.2815305451097994,0.322314404326258,-216.78356961820327
-0.23649219268589902,0.5557052973498879,-1.4555239774563984,-1.755670012381039,-1.2821317962300751,-1.9069606426794716,-0.17934742500897063,0.8386349096902539,-344.84712734924017
0.48536902053327347,-1.5434521480275563,1.56920327968752,0.6115289360860515,0.7638413292767372,0.6519013408219759,-0.4416680505450933,0.28899429330650245,85.87664477695854
0.1092428510892697,0.10835781365898453,-1.0118319264481341,-0.03242174832934861,-0.3621384420451891,-2.2330771953003103,1.6453998464104098,0.7463813150976004,26.35679466289747
0.5455989291691635,1.6990161159995134,-2.2785093332940787,1.944487001068415,1.1178997543393265,0.3847429109546118,0.9816029950718677,-0.036025375622245046,394.51706126752606
0.789709657191078,0.5765841925909139,0.6889886779807429,0.0805006120596555,-0.9929354293309682,0.25109824235897493,0.9354280722167985,0.43954211408197225,148.1008054833749
-0.4490385592439826,0.4001047500478834,-0.20646619621524404,-1.2212602247402629,0.6873936117703278,0.6836474491278105,-0.45333238152883304,-0.4997586629331823,-87.60772760279437
-0.4466003110744285,-1.0410124409475137,-0.4201431725183414,0.21391171988399513,-0.6845927567504859,0.12253883229395901,-1.0707312340279334,1.4188546689744934,-302.8106967461326
-1.3056821040465907,0.9579347374089421,-0.1056734973441017,0.6489461821181798,0.7116695121526924,0.532959948905627,0.472549709782457,0.8076639382793511,137.82362335092463
-1.101003354341007,-0.4074676913298346,-0.44102264638221517,-1.578589494304872,-0.47214228265525804,-0.36066570100427753,1.4009564649173316,0.7107491895817462,-146.46271869380564
-0.0491254538666517,-0.6366256114290973,0.3517971874244916,0.6291381857901404,-0.6757755008231692,0.9936111483661048,-1.023070576601597,-3.0003161428768754,-132.05101753752425
0.05689922898261534,-2.471725139571213,-0.1923724302982434,-0.9042203613491098,-0.6245483807242626,1.0670920366073755,0.2448256207480334,-2.0263828972778146,-224.62849513087292
2.303151961898807,0.39728704930555103,0.9998185263487016,-2.0140311525544923,-0.261219122252469,-1.4776197747380306,-0.49477474233014823,0.5753882983769807,-25.245899661963833
0.412927093689261,0.4554952578818154,0.11158643548513286,0.7789456857928589,0.7517080056673692,0.5786167289333496,1.2165553217370288,1.0543062568618544,362.6365965526508
-1.8426208791762069,-1.3338127585128443,1.4376906705882624,-1.1442230352805105,-0.9633063949373545,1.071724913535999,-0.3241684750797968,-0.7219062107158376,-360.5865814502321
-0.0023423864359441624,-0.42004153994512583,-1.5237744384270875,-0.9795011765602128,0.021869053439054816,-1.1652334126527262,-0.6155584290372312,0.6434740452532419,-252.14614010608207
0.08612434598342876,1.1901271286360917,0.903399326083988,1.5753499315602804,-2.6519952671781053,-1.2081691424827243,0.49263181951395085,-1.1449369475720563,-22.113536878770734
-1.375079555017278,-0.41501263595324045,1.039575143978578,2.370620982539924,-0.24429059626164482,-1.9621421095987885,0.12442050943705563,0.16810684022467526,-93.08799383336084
0.16652226228585346,-0.5036959365342663,-0.8685124143647679,-0.23732734973027628,-1.9510345429048437,1.7949419729474836,-0.8867073532261186,0.07192377547165134,-178.47665470819865
-1.6867222439236431,-0.038036200418888555,2.6623108067405377,-1.404646783797706,1.9061400514683664,0.6638432562703849,0.28971435348419744,-0.694879783510052,111.25144421328514
-0.5942890662392031,1.5005306426326002,0.3498741821796251,-0.9853847093269599,-1.2811576251817458,-1.1940243437403912,-0.29808059349316307,1.0484302643085708,-167.13100533643197
1.0347939732787865,1.579926958124733,-0.8649084822052509,-0.23730965575175497,0.8123170836985828,-0.038245765446515874,-0.5986806880968466,0.4058753319668202,189.72105075969364
2.1797289025570046,1.9770062007861309,0.4453527881574866,1.0165803814781131,-0.5176984059726613,-0.3336986394481071,-0.028141144367031832,-2.30872142859285,282.93594698010423
0.3287256553346724,0.916651647224753,0.08795929092714806,0.247253717026138,-0.07092157623445877,-0.3763612989586866,1.081046875286665,0.6524889249605504,220.5130497773473
0.1781035008787521,1.7662168681772004,0.13210298699281278,-2.3874081168777774,1.7191897682358825,1.3856653305970144,-0.4643871203731497,-0.9733590768316194,167.61543715002222
-2.814735032662241,1.0036168022584062,0.2317186356413483,-0.24343573941161903,0.2923654971637252,-0.13784985808164538,0.6898082044877434,-0.6103412216267016,-84.08403280238427
0.8531862648762985,-1.6146446428731496,-1.571883663694929,0.1285780620539625,0.18587534271913803,1.0187254973899358,0.2703821332419243,-1.116672356892026,-8.750407150391018
1.7169801342582256,-0.3461932296370161,-0.20249936578474959,0.2340426478920723,0.40490432366280654,1.1938762196041213,1.6660859345489156,-0.42275993521071037,353.5500824714518
0.0985325486807614,-1.5577026358274475,-1.3212312564547346,1.635152488949733,0.9332390022263701,-0.3199573448664447,-1.7834147409627843,1.4769069664675365,-169.1063346141676
-0.10949904904253704,1.07563078585538,0.24639503207405555,-0.26009856559395944,0.0033471378634027478,-0.5815807327135664,-1.084303884899479,0.271714841935617,-61.020445686479235
0.7530788671489083,1.3955688582633141,0.04961988924079495,-0.8037755441528808,-1.3884173627848986,0.662433325271444,-0.2224729885265417,-1.0430444475262515,9.240306967357887
0.5807154009278407,0.14842434592566528,0.04511162440013169,0.015363490803900412,1.0693432792079365,1.6612642287531487,0.0626941397760836,-0.25493309227481237,240.5130440971974
1.4309986037044697,-0.5387569664728519,2.2909461718325397,-1.143899430812316,-0.10035080006369819,0.21126980170447487,-0.8346927434855999,1.1166485358888738,19.53126614310831
-0.7965139885021733,-0.7555701916711988,0.43258503792166875,1.2690931997460186,-0.20957767870199936,-0.3277600087372495,1.5375354995237072,0.8580220225954477,72.0413609888606
-0.686977618187769,-1.371872598611378,-2.0078810941695906,-1.7402601632335144,-0.21843774266465033,1.3955599749231644,0.1924556517069224,-1.544873345313962,-273.39959396995596
-0.6600624018558889,0.4866612534567391,0.3568049042270725,-0.7903584034779416,-0.6796763529178793,1.3120238464979834,0.7128788130184163,0.03244658758486419,22.150157273883945
1.569427198397884,-0.8313464313444923,0.9730767160699917,-0.3382788815433842,-0.20602312806890447,0.3650003625173317,-1.0741378399422215,-0.44846268862104527,-31.461377952265206
1.5241782113598743,0.11066416686057932,2.1371423185164917,0.6522818960489244,-0.0895102101489227,-1.3660251826341907,0.3693447251053361,-0.3430911713450412,182.18313631392874
0.20107703824048023,0.719168724623024,-1.1469838984532834,-0.17355073452257178,-0.5700263034360816,-0.9155205377670557,0.6368301262923023,-1.0623192447031329,-7.0716943314634015
0.9875394262203904,-1.0121959789871022,1.1650598381401862,-0.46163641950278955,0.19332019368412126,-0.03134159245618857,0.12179330861306342,0.2462360607237997,25.469982095069838
-0.3175666915103231,-0.5552559027225457,-0.10361304561228322,-0.1179735184049229,-0.6596267798980452,-0.10276316746546535,1.4863525093649925,-0.31634231421578934,-14.178179927475878
1.8237128547694532,-0.2065462498226294,-0.5156543472631379,0.13131511962411915,0.44420399622181533,1.049135641973931,-0.33536998199986395,-0.8030108742236163,160.24487363162416
-0.3829993330778004,0.21808620198084094,-0.26596999472751287,0.34255484642726103,0.23608018281756685,0.00045406843480782057,0.6107462782956791,0.8451739637377513,71.49224824232213
-1.2866952750290583,0.556923047336392,0.45873611893053107,1.1543063129362237,0.7016155938191906,-1.0878056654483284,0.8228775735356213,0.11627817563736934,101.71903459084587
0.48777102870657113,1.2826801670888655,-1.0144209804133981,-0.05247155067290473,1.0844158279296428,0.0360487927853199,0.40145918493628613,0.04585790364872504,243.3249406968513
-0.26240353648390013,0.25582559027683743,0.269169339891312,-0.8431659437911512,0.7066041242559242,0.021882591813601582,-2.2667869152037197,-1.3387971728381927,-205.2265341027373
0.5739568206451817,-0.4955056938236015,-1.3943852500181064,0.5714996065919108,0.8368794810636706,0.6613986543681845,0.18548799415380215,-0.8923636968200322,135.02999755712355
-0.6900279545653223,-0.914114335322313,-1.7185626473862252,-0.22249102758673966,-0.4028144506914909,-0.38690487032611975,1.6322033506528435,-0.951246402874326,-72.73600380526389
-0.6481052928923601,0.022244738540560485,0.18290070161476676,1.7475772393486444,1.0559482991645386,-1.233523943727563,0.5658824886274059,-0.42906859355599203,142.42610994952187
-1.146770796988241,0.9832847929394712,-0.06449817016033708,1.0170228852548377,3.742891152887434,-0.14787014768609583,0.2628283513707061,0.7139031704670098,386.4343186345888
0.8839510807167336,-0.12058827640965687,-1.705947254132247,0.8288098743272153,0.6752826607144913,-0.01654912576612934,-0.9366006640534983,0.8153371938854009,54.298375267196654
-1.6887306049394488,0.9002164214792221,-1.4104383295543836,-0.26439289448917636,-0.9445637135431444,0.36972021927922577,2.1646731977856977,0.9896945276173569,42.98430369160751
-0.0654185461820681,1.1860322961863308,0.25061330749895494,1.425333927629113,-1.0782296960930926,-1.9396602619805547,-0.25130439139171246,-1.261668419358879,-76.632874625037
0.428165892965918,-2.381224058755421,-2.682840377930955,0.7306974607197987,0.5874960339452233,1.9627154622875853,-0.1668221689411044,-1.1465989817016797,-35.00725972918655
-0.216698788168605,-0.335263832903806,-0.5091317362717802,0.1631106492145473,-0.9148442492062562,-1.5169532262103234,0.9440935538925881,0.03051832224726749,-94.00669112317803
-0.5559226825727708,1.154596264840733,-1.1828252766741771,1.1517885979893783,-1.1578476721721256,0.32189697883724383,-0.9292447764363257,0.4719223903168801,-107.5687082938918
0.2403038638306232,0.5712359104289327,1.4920582371073712,2.94920436068776,-0.1379201940018052,-0.3007057435733114,-0.16568667372353837,0.6409360032205624,224.87255707944982
-0.3550931857735101,-0.3867609176803175,0.46455593686720104,2.8153537354105307,1.230399654276379,0.5745112819903611,-2.4514546411254905,-0.7082772989203013,-23.643300543894412
-0.3932817929131971,-0.9511153334543198,-0.44486655262556474,-0.7486737126123247,-0.35760648346600815,-0.03807805818940566,0.07878064306162992,1.2323207189121888,-189.2544481586512
0.1637859172960391,0.5153290461952893,0.7850931331725688,1.1808937753696909,-0.5553108839239018,1.0232694645261715,0.19960903421917295,1.2037385117676704,185.13215183701544
-1.2713534017624815,-0.9504449110899172,-1.3001248547888888,2.1359427721725517,-1.4594443452691008,-0.012056848272243438,0.6577367298784181,0.855477385903761,-203.39578878389486
0.3641270488497661,0.627397439252747,0.0334185024807143,-0.7862019296271067,-0.26925435576114193,-0.19396644945674704,-1.807926512296094,0.4212239122920892,-187.61738137071117
0.6995913298962657,-0.2730285230848125,-0.5292264693404598,-1.1481083266451657,-1.88713389900343,0.3779050069659085,1.5137748776797486,-0.11528927728417047,-7.891987838778501
-0.8370051009134369,-0.8153917161550616,-0.6043201598283793,-0.7104321779446696,-0.33120321331743674,0.7171035617936882,-0.6162543324745168,-0.8226970303583281,-254.313876419119
0.41662209810397577,-0.3320229568381071,0.7897751204127629,-0.16210532828769997,-0.14466831085946927,0.8910812038741383,1.6339667927116814,-0.7248784231420033,228.15404152484248
-0.6736451873760739,-0.012242186606443108,0.6766289895558858,-0.05586745005007389,1.5295796333931557,0.5487451197783295,0.6694181934096611,-0.07566346148706628,146.09664321694325
0.6498184149283825,1.828806496083444,0.06474392412652955,-0.4931532038404431,-0.5857304743047154,0.1699449049747252,-0.4090802340632092,-0.19663305099736833,99.54030986073774
1.8183929146875892,0.6180439544895915,0.41921734173835795,-0.29599742995287903,0.0033458711300754043,1.138324325413842,-1.0305690637959295,0.5024082686884188,191.37214363205027
1.1367022862238199,1.5583481419465226,0.9247118645267637,-0.5841049518557353,0.6378488154255261,0.3099024669005499,0.291467874234714,-0.974528761679622,313.19514447430606
-0.7274203534688819,-0.3677317182268747,2.5946454127955514,-0.13689497880257595,1.2553605599485689,-1.2643791400656847,-1.046072932745968,-0.5434712731216395,-88.31217543028416
-0.04093980043980271,-0.7318212437354362,1.5435680071838511,1.294926877324575,2.5494517309976104,-2.3519357532274,0.11121719092037656,-1.1298097770696567,166.54725715206013
2.093952720429486,0.004662239672020055,0.48938472059037047,0.034685739621359936,-0.008957212846241026,0.5212298298873396,-0.024062305352988762,0.582490431979362,195.17569943176997
-0.3086042386373781,0.9263017979429656,0.5397384919420447,-0.9473476971833681,-1.461179046618259,-0.016948495512334197,1.170461525344169,-0.04900229383858043,-16.425086031647037
1.4985621381180156,2.0026117889842983,0.140457844666398,-0.7734693922826911,-0.4400814074302928,-0.607820851470382,0.3845043046066669,0.7724513056471357,240.64989344085373
1.430397814109836,-0.22884550130269454,-0.1993437573647733,0.3602970652494075,1.3640286482960928,-0.15437720498303192,-0.6760388216558219,1.6686585037846584,181.42842773494974
-0.6326338391582031,0.6067263590827083,0.4762677263712562,0.6970580291503,2.429299850360967,0.8126212327130445,0.2642901628167421,-0.41929630330115,298.0517927446097
0.6782628998407305,0.6188384977820884,0.23053744317980157,-0.3441053310431538,-0.0784718562142648,0.07503761729235797,-0.5936631232276963,-0.12008921818012178,-14.899876179712308
-1.7267651435868618,1.169071624881434,0.8984264462440524,-1.4621218916072818,3.500069092055987,-0.5096446693328338,-0.7740292259225013,-0.8596311493444496,63.925704749170954
-0.6622805660509096,0.3823499178097205,-1.2672741622791177,0.9391597644498401,0.906613206911722,-1.6315495791154204,-1.8148332354096908,0.5878843121696745,-196.86555628310137
-1.0030034390106901,-0.14023300005479286,1.2664261172852274,-0.8868701047983851,0.5351987975959941,-0.3718500571934833,0.37358549309143557,0.5982245701012522,-55.85240000550286
0.5019184103102418,-1.4124602060933011,1.1661156463792828,-0.21083642028784766,0.004837675430753768,-0.5481857657899729,1.5974409544329995,-0.09886484314949166,91.52631344976292
1.4822707690950572,0.2366152616093726,0.7821365309872685,-0.37403002662009727,-1.950989291179117,-0.8704592065691377,0.11425202790364225,-0.13554471130743506,-9.473557457594907
1.0691763149219167,1.2775377612142904,0.5976118981223347,0.3499256634864081,-0.5316056269781452,-1.4863529839926173,0.7892488020449588,-0.2682709301964699,195.10010060805087
-1.2173192526187955,0.7206467093310964,0.2951825939889537,-0.7456745198511872,-0.5838861212220219,0.4524273479706264,1.1989402600033743,1.5861132468097012,38.35672965719003
-1.1723699862714878,-1.924673849763873,0.3670145331783704,0.5175851167000342,-2.353129446392637,0.7135986623227836,2.9524187819175687,0.3030128370073191,-52.66987149507668
1.65787723902493,-1.5790262823568646,-1.3703884179829013,0.9476706977198422,0.684048049139363,-0.23338751913817704,-0.15206025981749044,1.0211933163385631,46.50170750510169
1.3092723903024057,0.5142247438877022,0.690047302648488,-1.8691802743961157,-2.2972066854760556,-0.23812427869945177,0.04407400074346567,0.5319732003619573,-146.01758705023605
0.7754258718402426,-0.09218227834907657,-1.5875632491925615,-0.23485126312024593,-1.8538498455659687,1.5281966825736708,0.2872679009240911,1.565820134582953,13.06830834849351
0.21170226744354995,0.6920906829194989,1.3122632990709149,0.6377889949664611,0.6363953537457145,0.9497896671455189,-0.647113007041447,-1.8409043126210667,149.25278692678168
0.1991534626311269,0.7898589045491056,-0.08331736576960723,-0.5709188475419275,-0.5583325739294511,0.6775405536859065,1.107496632469275,0.6542205963539895,170.2361346758399
1.2991789886065266,1.7062680257991076,-1.0798201939636773,1.1548531912234765,0.33546359353211186,1.641857604764626,-1.033450421127941,0.6748824884911102,295.91496903869677
-0.12050114433204094,0.8673535550598538,-0.3553158646022274,-0.016769743062275532,-0.62206422656356,-0.10309729046633449,1.0789114873262393,0.4769949394727218,109.68872509898573
0.32826668070611104,0.22598269754389066,1.0157309564934862,-0.7504853631783901,-1.8802906402991066,-0.12641589908272802,0.1278921004035968,-1.270914171442243,-128.50477740886006
0.12254361407245196,-0.6883872270236563,-1.0505966885573663,0.6706357102452856,0.3012494450816383,-0.8118585199187351,0.2899368385711619,-1.5626529451444315,-85.11717856038695
1.6853354951382036,0.3700771097147001,0.5612432567874511,-1.908415973141042,1.8711040652290662,-0.6684689117553377,0.6560296557392948,-0.14636702372750904,242.11648954686473
-1.5691047943073744,0.7244929340669982,1.0823310653166225,-1.4115972670635604,0.8434869620289104,1.5447173671701457,-1.2702549752583678,-0.3313426196429536,-81.97774235758868
-1.1774050741747113,-0.629409971944186,-0.9302811753921406,-1.5320263510753818,0.8670639751114874,-1.1039113106666283,-0.9194069069311871,-0.07971420972782339,-359.60987583433786
-2.543699841492967,0.20454737223989333,-0.35921509193008005,0.4709904753015145,-0.14858835150322197,1.184916084638038,-1.102897776823668,-1.602839416814331,-242.20165831054743
-1.2210857435791393,2.3339916485285763,-0.4110328480354465,0.3298995265538931,-1.3873431465416448,-2.136979368478675,-1.856902269078902,0.20733814405970263,-321.1420870031939
0.015651642678525927,-0.02584282384061416,-0.5617018671055058,-0.31698866645655926,-0.11075665494360688,-1.8658510600839644,-1.5197370358200593,-0.38812155036245993,-297.84636898378585
-0.7890335686905255,-0.24790803228776134,0.6357747786948628,-0.47827028937164345,0.4897463723387736,-0.396546708903453,1.922809943506415,-0.06283416393869634,100.98085236686751
0.8091629685495136,1.8168207164695533,0.09237509655647996,-0.3771106268400479,-0.7719322777238818,-0.17672867807972717,0.39467263719135837,0.26153084480359123,169.91770065041462
0.03854239506704983,0.4808397959188785,1.3958469329519398,2.0104020704566796,-0.239856917716861,0.2558155731865649,0.01546925037654673,0.24373028699871524,171.56391998969536
-0.6593934969716073,0.5756237605105963,-0.1910727217811739,-1.2337650775056954,0.1255900900367907,0.1528601068038785,-0.6987344667953692,1.5536300541069263,-100.40495939665018
0.23198963002374196,-1.1590338914437082,1.1974301645394625,-1.0919045536277474,1.455042706539805,1.1481759505347704,-0.31424476545470836,-0.2158937685456951,43.309844732503834
0.9392392268235966,-1.615359832486184,0.045889966022582045,-1.1872196514288427,1.6104115657834972,0.6699288989639084,0.5595786684805952,-0.8237862131494602,94.18066694980348
0.3001139057307936,-0.36166831266496646,-1.3436285648904664,0.8107682857875183,-1.6833968436380886,-1.441543716638465,1.0150149354608902,0.7885045741169973,-124.97385282724584
-0.8102404138976476,1.365578767057709,-0.49637056900157767,0.5531750206335839,-0.4789321839616487,0.37723861034498274,0.9742259833758069,0.8250355237507425,124.80566514433099
-0.5378597822873533,-0.3986693483740543,1.1451708762842756,-0.47431679061572923,-0.28389768293908935,1.644088145488216,1.864316347962396,0.5055464347973455,147.5014318216806
-0.3339823027819893,-0.6112308188684689,-0.9858458134169567,-1.4804039626711647,-1.1592819646828931,-1.25041195771021,-1.834469739798412,-0.05325439285134299,-561.9496829974337
-1.793644816520008,0.12117238608586539,0.36249119011639575,-0.430693283855865,1.2487618074273727,0.2444540513111366,0.7271031789894031,1.590719047254098,62.55559042637083
-0.36354881573862713,0.45258409702873836,0.09041972201756476,1.0151959955696241,-0.17192639606778867,0.5997367489188994,-0.7554372944115229,0.8889541958419515,36.883819833596775
-1.2571295656442896,-2.4891851111401597,-0.13287863284336443,0.9016081771791629,1.4204537724379172,-0.8060089169084647,1.8624006189158484,1.2973843311859015,-21.258408976344185
0.4703431568446644,-0.7805201673672231,1.0702995384073033,-0.3522748453387729,0.2214422280087522,2.1152696930769266,-0.494271524334253,0.697217126366255,72.84051700501126
-2.4298832499144853,-0.2673598952806881,2.10461076234532,-0.0894138399494154,-0.9102855742989069,0.02221318289072959,-0.9902640887689447,-1.5757919700595024,-332.7025715708796
-0.2196893909791132,1.5406569200313898,1.5610709173800574,-3.2555152368553593,-0.3202781786238855,1.4727989693337273,-0.27165721033310697,-2.3435589314518146,3.991085102614292
-0.6875360377164724,0.22883656606868663,-1.6128790443506027,0.4832309778021975,0.5176001635891797,-1.4793160007491784,-0.7869579041218877,-2.276719254066472,-201.20120823279416
1.0038238641497288,-0.6378332704427129,-0.07198735566474268,-1.5476314456238953,0.871200032692928,0.9799512225526212,-1.1077658511784478,-0.41215149972444015,-47.2737274159516
-0.9712224602410956,-1.1014978079561082,0.43321089264487445,0.916131284594088,-0.0063014935915317516,-0.40204960890395836,-0.6716787268372353,1.7308791393561878,-134.28346908986146
0.13611054011780163,-0.12732555611520405,2.423568823447572,2.4061206852292236,-0.4286433028205545,-0.34934717605107996,1.7439235731007867,-0.7083453274336369,310.94853161220345
2.299211095666581,1.833743006962437,0.6985649810823118,-0.8601171594456553,1.3153696600179163,-2.0459490738657746,0.05185097963748229,-0.8637853388214722,314.77173494580484
0.5524083042882892,-0.05414744959903195,0.617215067125047,1.8780055074572604,-0.17372188236268396,0.8604194018658842,-0.8483882627599728,0.04952914334575969,92.38785503688435
0.6187977897227919,0.35540442403045186,-0.533274018336862,0.36117267324703817,0.47247445522954273,1.0977052635843805,1.363046371125819,-0.007688838597250518,264.1600095287491
-0.370857203511599,-0.4610401946855164,-1.683859220553989,1.5504309771264069,-0.22821582557792722,-0.26336690092495096,-0.5171372650841554,-0.4231839453826067,-119.23076452149765
0.31939463633051246,1.5591350563148312,0.22437109960768437,0.0385541728270772,1.7034974616196241,-0.5885950918655486,0.9725585988104278,-0.6593145660578336,360.115421186273
-2.0057167562945204,0.876972738566879,0.05561917123598028,0.7244524597091608,0.9957761361086128,0.5744841624871052,-0.47235813745295774,0.15194233177514269,4.60900207090862
-0.3022552331458231,0.5384060242459942,1.075460869915686,-0.24439388138182316,-1.6988847091006773,0.9437445404440933,-1.09727063336288,0.3880579597247844,-151.35386218771126
-0.28059996376443336,-1.7671142719310966,-1.4287171259462967,-0.15714781724133922,-1.2436397174079237,-0.21774138767426368,-0.32564337536611765,1.194422999744037,-317.9655888749813
-1.150186153914057,-1.6059270743982366,0.494640676419585,0.371098388191844,0.3179061652584243,-0.04184482820729655,0.7628685432570969,-1.1921015448581098,-92.68635965237945
0.03364331432668916,0.9977629419641999,-0.2101306680992241,1.6185692195160617,0.05504673402177332,-0.6843291901026278,-0.19762588007175733,-1.1004284588385944,103.10370054440695
0.7385254963252519,0.181804469950834,-0.5785908057678313,-0.18059801695059685,0.30156137273707173,0.43818295018656594,0.04814464993542699,-2.407998466318775,64.33902066811967
0.6887980980447255,-0.639064468545669,0.07619588242981824,0.030250936772413212,-2.7527692657797678,-0.12868694416724152,0.021975254552977608,0.1981517232480719,-216.3124903192163
0.3062723941532177,-0.36216974402144403,-0.6262123577179226,-0.10651425167428996,-0.2252215922410423,-0.6529871593289635,0.25653352564229176,-1.369214752848796,-54.69575502172713
0.7143376264497132,-0.13101543544520075,1.1670659436976871,0.9943852421643088,-0.7378776012266808,1.1002970211723924,0.715463675347198,-0.4980252491708299,187.74148362457547
-0.27428484667601194,-0.2164653367046264,0.7668466836733162,-0.06025054138151008,0.34572716972901163,1.4910829844635514,-0.08290200366209052,-0.726487747198889,75.55353326187176
-0.2646749991614631,0.6737984450979424,0.7481522012964177,-0.30005073504124014,1.2258032985320098,0.6128492619092432,0.5385880121346511,-1.56762438064667,169.51784714089854
0.24579429871321543,-0.03847353909883647,-1.2572305354531474,0.06244188003768482,-1.9112545181494827,-1.6624308763241267,1.5503215182409393,0.2412545693899386,-111.51262484211135
-0.9724668674565299,-0.7052217111903544,-0.05150916924079514,1.1363269006677206,1.1406278503031475,-0.360830431360506,0.4602544645433772,-0.6601000084739083,61.73719702213988
0.7897440358707826,-0.5936517890485515,-3.0767208648642153,-1.485152822011637,0.6493132128981843,1.249436227739253,-1.4685531013965938,-1.2022920311492338,-211.5496624294
-0.24669705436146835,-1.024882128548448,-0.05844555045237509,0.6721884441249132,-0.4075147665403439,-0.04503187455614593,-2.1714558316756865,0.41827035266441986,-330.90744437956323
-0.3933585282948329,0.01270667958617158,-1.1429059729263409,1.0023509665593764,0.7757680712022706,-0.8821481327804654,-2.3801006905132995,0.029473044076084177,-250.33827267386954
-0.3671682127833341,-0.1666896399227633,1.510367937253696,2.0183933581888622,0.5865011651640615,1.30030297411973,1.3699190836035757,-1.407512449070279,357.30138449918593
0.46187495348191643,0.9002450359549105,-1.2505734903293841,-0.1519181496948697,-2.6975532414891115,-0.635239962264655,-2.5865257633082157,-1.0660082581284351,-443.1176468727108
-0.02775161541579016,3.323157471376846,0.8844097206109041,-1.5512269693798812,0.29547499916113523,0.02947273274271002,1.8680532156401786,0.3575908452158392,469.0706179383364
-0.157537319736672,0.293301505278442,-0.30429523240581,-0.3427084542386079,1.6401017229069565,-0.3405066694489193,0.5964644181226576,0.3918221529960487,173.89021192066406
1.0117107716074336,0.931482448755152,1.1138333733379193,-2.0304476320218274,-1.5769081281330017,0.11711988148798118,-0.8210245559737809,-1.7105516544973307,-156.1611110187627
-0.7721704516778478,-0.39762562367124027,1.2819417852124972,0.5777885828515394,-1.7943516817554048,1.8746970232528168,1.0993360724040677,-3.4156615653390623,36.703700724979996
-1.0260195084596115,-0.4627065793371747,0.19376095645249852,1.7377042049050888,0.9945702323010163,1.329035212354216,-0.5997821740068704,0.40616456690722647,102.89378898765878
-0.653763672826559,-0.2915719710126201,-1.8604905330873467,-0.8166291257423189,-1.2821155720545256,-0.7994292631793565,-1.482773516358001,-0.9797657067392157,-481.76903945907287
-0.8043648954674986,-2.699150112046361,1.3146322043586416,0.4587405659481647,-0.12795637055864784,0.29620914310763347,-1.252214524700024,1.6955261052679695,-300.51831550674075
-1.9422219424378293,0.5801431483852629,0.5507850039078458,-0.776372407723011,-1.6837775369331998,1.8851008761880628,1.5910777987067262,-0.38774478527114803,-24.769522838556707
0.46991242212081646,2.669624837921654,1.5909316651528902,0.5244805865766994,0.6619828409684112,-0.6497419270791449,1.1232697830954597,0.13352965095464076,449.89358266911495
-1.0054903750093076,0.4316832934749057,0.8738171066216185,-2.266440432097223,1.3461798639267544,0.2600464386681085,1.1548894206048215,1.602152144009491,115.62343495835154
-1.2867271336820152,-0.35202563286640426,0.03955551157437521,0.5711450080573329,2.1865182200056528,0.4802232987145758,-1.061824160773838,0.7741652146296898,14.822587375026462
-0.7325073151575077,-0.09748908957282396,-0.4587444843386802,0.3721478321172834,-0.36948495308641227,-0.9117824139962548,-1.5539774959627524,0.6885482451471506,-326.33876205872116
0.6493355247606047,1.479199213897117,-0.44077245835768525,1.3758871704594833,0.4473619325726474,1.0002604702262896,0.8156196673819246,-0.9936422936785717,383.08055508336776
1.9228908965645881,-0.5473151797315321,0.19118217929682194,0.11204444286215381,-0.648397914973189,-1.0216018282484938,0.6475652113077153,-0.18266562566974784,77.17545029123914
0.257789962337683,-2.0298657937557625,0.3056223953912821,1.2875398724185245,-0.07329319982779918,-0.02290881267206516,1.2175005357705984,0.5164921090340271,23.070687996452868
-0.25221518234663876,0.8170968969959765,1.2999158925551353,-0.8889430646401928,0.8291932107254819,-1.0199488103253167,-0.2949114558858368,0.5468893294553933,-4.690192814104623
-0.5298534956164765,-0.9206916377470525,0.6936665159149963,0.2326881928451563,1.417816881068752,0.09028007086043828,0.44668384180117743,0.18403227248236512,87.17624553953908
-1.0744036773340353,-0.16114850102003675,0.39818657392158835,0.26081698035591777,1.4045836939638718,1.0758243982209093,0.04651853094787869,-0.38925943437533234,84.28329767294434
-1.3339166533341318,-1.4381972063283273,1.4030560613041956,-1.2883230467206228,0.6614620446883984,-1.186837446257448,-1.4377844090093381,-1.1964947389655516,-400.32702220177856
0.2809590892964706,-0.3883518542664854,1.9027974831431258,0.09844551679202114,-0.4358825536658684,0.9455732935837776,0.021054615859395723,0.15966362870331305,95.33449640519439
0.19565796051919598,-0.23373547012211468,1.4787209454364052,1.6855809424604147,-2.2326750098482915,1.6626769769185021,0.349655941964082,0.32960592538686534,82.53866157593401
1.5970426040245007,-0.03799056510033626,0.08105435922302061,0.7574560809870188,0.11212173392082568,0.7499958033275809,-1.1859609819660557,0.8959958815673326,117.62708817168489
-0.021826025473004503,-2.6836312968095637,-0.3080560232637346,2.3938997410177967,2.324940301203903,-1.4642695642160555,0.23418708145936978,-0.6577431917946484,33.674869286143256
0.1993919729291342,-2.9414012030520964,0.5722534056040799,-0.34402350333445714,0.11087522258253459,-0.32270620369062886,-0.028490156246986115,0.20095660771216728,-218.50975984210945
0.45202410706043283,1.507240539460481,0.2589906290811432,-0.0592065062831487,0.7000673636620685,-0.545339010830324,1.9486125490085424,-0.4925208469368727,407.3064066432491
1.134235814434594,-1.3230844587510393,1.1045651797918237,-0.4743327805632148,0.2837712247910872,1.1326746625213049,0.20391551650683587,-1.9144807705875557,59.9568804101659
-0.3587807922872705,-0.44413341722134825,-1.86480505911024,-2.204331249252909,-1.6171727713559876,0.0007000105486398959,0.13150596039228327,-0.08274165137513594,-371.30304661203525
0.38312185175751196,-1.708339203167056,-0.7528371964214647,2.2475950528076996,0.8407332421435357,0.5680618873279819,-0.17998640125235033,-1.803098658479741,86.61606640204647
1.3019168347918324,-0.3057483944844441,0.5211563155819291,1.6771476391809874,-0.07555973833375573,-0.7969370732503266,0.5089432114449499,0.9966965941146789,200.3337440522066
-0.6965910156586035,0.4763377002572523,-1.497273642356595,0.5829703032859553,-0.9293238151062385,1.8600556722271453,0.4117968311159789,1.1122904856590823,45.917471382045804
-0.8589611915496599,-1.0243753149157158,0.39526142178809076,2.0889167503205717,1.4049794082492035,-2.493860226269782,0.769169335256535,-0.996777240476397,12.863059272622825
1.123850280570256,-0.08596895250392447,-0.6801440902560534,-0.7184647193813467,-0.4913042890252399,0.3962810960918571,1.4779183838473868,-0.6639027380436358,137.72415626291442
0.801410794258603,0.4781149809508314,-0.5578700019127604,-0.099264615985358,1.5608004973156109,2.0430882724277453,-0.03414866296314563,0.8792853051250437,350.7223218875169
1.2775038921829562,0.6130957255741528,0.26563394565024956,1.9397689367747746,0.4382952341638078,-0.11771325987052618,0.08047159605374073,1.3964903496826766,318.7883888715081
0.2847555709868595,-0.5734900341286828,-1.2275384605250896,3.415729347560242,0.5804500771321757,-0.5160506528980711,-1.315068053269391,-0.6584727703529336,18.461031641061
0.42087157733225083,-1.5460153722215475,-0.08009898509006895,-1.4441657899270433,0.0030560857706264473,1.6847990253083427,0.230858639485297,1.540865425486595,-51.3086144777747
1.1714376824314832,1.6770287496004814,-1.2557418601714745,0.640286980762159,0.8948646945064511,0.19822574897173517,0.04497615388279955,-0.22097974317834304,324.33507657555566
-0.48052338395526495,-1.447220925505051,1.0330168025130857,2.809073432504801,2.0676416258335424,0.48887630229974743,-1.3724942950545524,-0.5595303222516704,69.52233563636506
-0.3586652867860779,-1.0258738219813905,-0.35885103798400736,-0.7589292410106319,-0.5577020018882997,0.13021742039220555,1.1471056383553058,0.036793981993501604,-98.69898350416688
-0.21692660177311648,-0.6750870902690682,-0.8090831628695413,0.5370506108841161,0.07770182410285872,0.9740362905732118,-0.1283531336423668,0.13574276449215344,-27.16372510118206
-0.5487825036093058,-1.4235867435946634,0.015790732970186294,-0.3805296924968806,0.07136363630826674,1.1893095142462122,-0.3923742496386013,-1.4186406719912368,-147.58927562136137
0.22659014357114438,0.5428852483177987,-1.88998807077569,0.6016797973351866,-0.708899581361956,0.1771855309661461,1.4174376275105927,-0.9872757544016183,111.59250539638845
1.618036857956716,-0.37927063952092654,-0.5290001120470643,-0.5436206060513192,-0.44680504160831414,1.2041908452056755,-0.4467385358875795,0.4158906695618769,19.942672700796198
-0.572556263633436,-0.30102644613400276,1.6762987202006097,-1.305271880773647,1.1608653641559712,-0.19006435221715667,0.9752805339645506,0.5824668851442675,81.41860669365389
0.1511776078169566,1.8105480664070464,0.24725968936221104,-0.5945989774848843,0.7577640647859101,1.563309440726784,0.15128045744920893,-0.18455349487887837,296.59238026681317
2.113682749691347,1.1418704081482556,-0.30798034458816226,0.2280831451043619,-1.1904161494525254,-0.7032967928002863,0.052214437013920645,0.6694131532670712,108.19668222849131
0.8762360057441465,0.32596696205567016,1.0859806134721333,1.0134143340404071,-0.2260062030671676,-0.27244179718315187,0.3449599900278236,0.6465413540454293,206.1797883775385
-0.027688747761402174,0.961787343202615,0.502003575910456,1.1402303411155783,1.2686916220494422,-0.7052462768171746,0.3224261466559021,-0.7336819690559947,220.8605731087706
0.3466754435957162,0.48650530276773213,0.9086240567529712,1.6662762053640745,0.9854887998785591,0.08512915347527959,-1.7682909207088557,-1.031207433486825,99.55248684924976
-1.0446509018982797,1.3751908121035354,0.7252809126573591,0.3498787021325717,1.2941904894326073,-0.8698204320468877,-1.3296866242436514,-0.5224601580009572,-5.004253700977834
-0.2447540870890686,0.40890383355530613,-1.9612644690463399,-0.7369062037659657,0.3539995490607958,-0.592220798482664,2.2967761615073257,0.6400545329899062,128.28022838808943
-0.9498307739770493,-1.6549329447454801,-0.7519653384316226,1.4468038982158409,-0.7492795242860169,-0.7220975469934204,0.021656342444760994,-1.4382122770800165,-228.74598054248042
0.6322741369329101,-0.21000671682637947,-0.01641702486720926,0.502674276156889,-0.2883226285622697,-0.8812870596544601,0.019352540879309675,1.0416539121537547,-25.748591329259853
0.5402324348354204,0.3615158675826725,-0.9497145119873911,-0.2509937008487137,-1.3439004785295767,-0.5470619489927526,0.06592837674016483,1.1033859317825556,-86.27333631473621
1.6262370151035497,-0.29453044566859815,-0.02513735961217961,0.15481518461839436,1.2965247315276813,-0.4503390067872997,-0.8150364593312852,-0.23724920016940965,74.92958273617316
-0.6668981545805716,-1.2608599560718121,0.437572659344362,0.7945013105634393,1.6337640337100825,0.4155091195715565,-0.6430792390175355,0.32751660242425307,-36.362271243767594
-0.8639159341075385,1.1087292946186729,0.2474030045258584,-2.630361850518865,2.178023649466888,-0.5716001729431854,-0.6748508364671156,-0.22933815657453555,-17.109744465985543
-0.7800371422012682,-0.15033735373383578,-0.08326479890822072,-0.355404901462239,0.6638324400209569,1.138361175502347,1.2458673194506047,-0.8446595608571513,147.9892347711846
-1.4552759631402983,-0.2929388183501064,1.2067737846543314,0.23971770298434908,0.06332517221947424,1.0984447391112193,0.741668311397292,0.7340063628089061,43.5482804870887
-2.2068535405485785,-0.37789992404996386,0.581951762841201,0.372066209145691,2.0055156906800087,-0.6737286403507876,0.272407141947699,-0.03705981238108954,-8.730500882712535
1.5868255755637002,1.3008438509221947,0.8086776864100128,-0.6941420277214502,0.09927391218531516,0.7522502151661603,-0.7336932844021462,0.27084415852363486,229.9347963088398
-0.5364813073900424,-1.55249125437549,0.667584080988579,0.7025210310607763,-0.927616013488508,-0.5206144042447328,2.187517425940187,-1.1796258352161093,12.328481207244685
0.7752237225025839,0.4256008860667457,0.6378371104590987,-0.7730749556263038,0.24022329169810602,2.363379761194527,-0.23521839964378044,-1.0958825317019831,189.5137324285299
1.0726454335894473,0.484360857649949,-0.48909500648565146,0.41963014557179346,0.2843161350021473,-0.1591207515836176,1.6962827673562904,-0.9807807247979691,304.8177186560237
-0.7143847184964229,0.026902556016189027,1.6429149341983624,0.9339033770797345,0.443084503156636,-0.6919282755135517,-0.20298383902258274,-0.13453685366129725,37.482266116840975
-0.35622849779212185,-0.5027271556436712,-1.199907819000482,-0.7047810795957231,0.10395052661018117,-2.5476877820221686,1.962745570767112,0.5190433416491317,-51.10996058083471
2.166314020172499,-0.9345001183116648,-0.23800276590651745,-0.9769387174107506,1.1738591974710166,-0.5915358832311663,0.7660087697483057,0.30564578896042466,212.57051770625483
0.046323243197267765,0.5143186696694055,0.9906756099024198,-0.8675800399596791,-1.265536044668218,0.45307425460797685,1.8359844223616861,-1.3957089095547146,135.37881471894
0.5457125671657114,-0.5375655638453267,1.018775760651338,-2.753895253740849,-1.1158002050896123,-0.22400915937969176,0.5829668627278036,0.31111509011790184,-115.12470880987624
0.6853762581038062,1.5890310191459784,0.7902001759192318,-0.27253801082515716,1.072273444307215,-0.9470500657729881,-0.49886688605021834,1.4224078780923832,209.67732814094217
-0.0008903858579313628,-0.7889230286257386,0.40751628299650783,-1.7547243063454208,1.690525703800356,0.0328201636785844,-0.4659373705408328,0.00206557290594813,-57.771369371471096
0.10333056673740337,0.7148744257835823,0.258317048794123,1.2641710172162324,-1.0034980029592884,-0.7969561107462287,0.8597086186023339,0.2802260239045339,108.51310865497011
-0.751742155924423,-1.6291900723952744,0.2603888655708251,-1.1493848468931087,0.6341053793366416,-0.27981945579879597,1.8835764314419943,0.12991267336622192,-71.7340021839439
0.29167838141731023,-0.506773061358819,0.6366115817857604,0.45006878019518953,-0.02627672254815148,1.002962252282439,0.6428401115835918,0.3498603263370291,158.0043342623369
-0.826827035630931,0.24808839121572693,0.936491618775129,-1.4911950612071099,-0.3803509777177252,1.2867346087500744,1.9077674566106693,-0.42318876544666156,126.1069077035098
0.01572435005642489,0.821846243670863,-0.7355358729906469,-0.013819355984317685,1.085568109185284,0.8174676455833614,0.98288761744794,-1.3836369723516342,289.6429128784297
0.10707408531977498,0.9051852553678034,-0.9825869055775837,-0.8269355256190257,1.5994119916713812,-0.06272861230831009,-0.7701332917427915,0.2283369434458233,72.3991407703485
0.738557718408818,-0.364055576384302,-1.417991303331814,-0.7998662232689702,-0.5496004092310948,-0.4674430060744894,-0.3063255932207531,-0.2231681990051358,-187.4061296871225
-1.7939786444198547,1.5170407913475237,-1.9326368017370812,0.6322280141413874,-2.126925793165102,-0.8749323487772793,2.123033097759607,-0.21257897661239236,-63.115711840443524
0.46796639741391277,1.1921411434306608,0.10573246512901065,1.299232170169651,0.22880922747580648,0.19572343048736293,0.4663421526901484,3.5582010098693857,325.4893009495135
-0.5328578685057477,1.7514257227811876,-1.7153025169071432,1.1503307125161917,-0.25001630212037107,0.30594245173570045,-0.042186432483468116,0.42144508976145656,124.22234233208972
0.3609854145288652,0.27203256954159905,1.1250760511474327,0.5363876127787325,1.1145910273587558,0.10952679347866763,-1.5092543072715094,0.5353913216173759,84.33999508996521
1.1075514583393196,-2.2461584369601986,-0.15139847438627976,-1.176371857354889,0.18061567025009814,1.2986465671486411,0.25409992476271476,-0.13570834197465068,-6.769751323023129
0.20339716459918297,-0.43567508678550054,-0.34164811628725866,1.6338289476621992,-0.15225659523693053,-0.1563233588436765,-1.4879887985734779,0.11445955948060539,-101.0440191290428
0.6161223706066878,0.6854412488639435,0.20607808976826256,-0.820972405156417,-0.060975503729056184,0.6827735238954807,-0.7545002817315158,-0.12497071994935566,-5.307192250416616
-0.03946351873962091,0.14590875025696096,0.17279246615383898,0.4285981807171395,-0.5909191056491155,-1.7251166964299736,-0.44774962243034605,0.719557644392659,-117.88380900157387
-2.2281330537509687,-0.2972530992052863,-0.9555553958172613,-1.9796081482053107,2.4148543906302535,-1.3249932140488132,-0.6530019154687445,-0.011400994647276223,-290.3706291337322
0.9455029153265979,1.6970917902132676,0.38153261933788135,2.023144477909361,-0.9855897017756065,-0.42128014990622364,-0.10082496990133716,0.31919535179017366,191.89351894728745
0.623948156463261,-0.9666666136401577,-0.5832433721011302,0.5701576987557976,1.5559566475482403,-0.7106275683133727,0.3641448639673255,-0.21072142696941926,114.79195262452808
0.40633339317033496,0.8684105013678944,-1.2476096906439584,-0.7012223055369408,-0.03741949330824471,1.2781495049035383,-0.7201576013263962,-0.21661684418782784,21.4343383998464
-0.9391530293888251,-0.22563474306186176,0.791907770507734,-0.15430788309563714,-0.6441907621818163,0.1326763092468412,-0.29458820034392674,-0.5014184865120206,-131.23391302264753
-0.022793914261276558,-0.12535079264588347,-0.11141438648361592,-2.167653595330161,0.40034390471995773,-0.6838943750676507,0.6314572848886753,-0.6759281376653961,-75.14047795179862
-1.2909909897742655,1.2212530522619693,2.4377794504349737,-2.3873277500431054,-0.8812231664997131,0.29133630096302343,1.3259210060400273,0.20454962048640046,-7.838464331825879
1.3619109687601243,-1.4003738033177502,-1.6698670507306845,-1.8824360343938082,1.9804052615363763,0.9369783408843555,-0.5759960379450912,-1.5826978028907501,-18.614160061835992
-0.36524054129403566,1.8012264165653809,1.2365452672583843,-0.3765838609088488,1.5367476735395353,0.0008051651311915889,-1.3332757475137456,-0.3215881169255939,109.14079097047588
-1.6414329702386192,0.5961405532482851,-1.1591870700638947,1.1710009933340728,0.6382524596744971,-0.908625866473386,0.22168183857447232,-0.0541901860225453,-45.011564547451464
2.1234736087841664,-0.3728264242622591,2.0971260086764016,0.1602379480586328,-2.26950436144864,0.42199624083616055,-0.6169252532079591,-1.329781607992076,-25.52057371052345
-1.1174768438057918,1.3047750661804565,0.2946103270463972,-1.256687547682586,1.6907270907264191,1.3590337089764377,0.48624518372625913,-0.719915636638021,174.8496052913688
-0.6618664796879206,-0.7372025948171509,-0.22134555284399732,0.26722328796531364,-0.9180600171227103,-1.221613950283306,-0.6784796577709489,0.27089248051275905,-297.3937584771727
0.6834281528713767,-0.5145436722278428,-1.207494415511166,-0.6727658841825215,0.6580729865323178,0.4121464136499001,-0.2505244111097845,0.3867985323939375,-18.609001784162018
-2.1573838438350386,-0.8142646236051708,0.8208766060426964,-0.013268430431468147,1.5185160796967385,1.5347427170232946,0.2687802856357386,-1.2131185003061347,-24.476444793573705
-1.0774180841010879,0.722338018801367,1.058012169517194,-0.2153071287238564,-1.307481709586351,0.5508139976887784,0.5106214068435654,0.46195090657972177,-74.03912851609363
1.6444441568970747,-0.1355713506680275,0.23165440183587804,0.38456598515188867,0.5542090413324731,-0.1396867664156484,1.3566378369796679,-1.053280276389558,297.58659402445113
-1.393776579826169,-1.1559960468089248,-0.09833408064363401,0.20205744976800874,0.31294558502311615,-0.2499076024370558,1.0942578788709993,1.4992056633468038,-50.59086602028016
-1.075383368327772,0.11471771778180141,1.2090908344073072,-1.2567603556069165,0.3372720184609622,0.5361187598634904,0.5500686587515035,-0.544725645898525,4.264911466304262
-0.297230253116117,-0.19389171056985124,2.92430805399032,1.4830988516999308,-0.6624549576451025,-0.32132657994196817,0.5756205513212505,-1.0662933828657581,104.40095269557953
1.7005487426749155,-0.6192938781504882,0.07557826573706673,0.9497901436005495,0.825661784822514,-0.8554296760584855,-0.1160308789893085,-0.3499168328614017,161.7867967228762
2.6385388020004976,1.6595612759670786,0.7719774290023502,1.9821853304845491,-1.1237324264540718,0.4208009787746427,-0.5897624660822641,-0.7366741715797671,351.99478969533476
-0.31765495373332586,-1.7793712433922548,2.1405875380222454,-0.15492866006207714,0.3824469658307325,1.7192383780112168,-1.5278700859424812,0.523659522295771,-169.33126803282818
2.7335012087781836,-1.0390676549286229,0.597965395056015,0.7773035467466131,-0.3058462401653942,-1.7092753831345053,-0.5272627935309492,1.5454306752608375,48.406501565424726
0.23362611298455863,-0.46817557476782873,-0.14471157582829677,-0.7524112722364255,-0.22669793926812634,-0.1278508737439989,0.23142607853449187,0.3389049477351224,-48.78053107001533
2.3259493382702274,-0.11331761165869833,1.7810861912580132,-0.8770371141997406,0.42459257732199807,-1.1293297472008632,0.916262564106796,-0.9662038464435242,250.3573886008657
1.4741488296309986,1.5749749072029076,-0.30755119771568745,0.28635193892625666,-0.10592133722374321,0.30876756349774803,0.38619986677111545,0.90098551770494,319.4880702307353
-1.1643156550472267,-1.0863498350807337,-0.9729115602111391,-0.2656731333998106,-0.06675569839572834,0.46194733826184514,1.5656821441295554,1.2352314900565344,6.554586243627327
0.26411378565715543,-1.723521305920884,1.2205740028751264,-1.3596317523071388,1.1683385496134653,1.9630985216546013,-0.2052594764629611,-1.7409818056610509,11.9208810631708
-0.8141781339031415,2.031900439211857,2.61361769871338,0.5803964267729878,-0.11431770773156395,-0.6205705014352286,-0.1594906861884377,-0.9406657763645739,105.01095340513842
0.7422028541435804,0.6025987114572413,-0.5104439838043876,-0.6853463101982311,0.18652325715393966,1.1073558150068912,0.9794180464661216,-0.5951336960261613,217.26832343227449
1.7451641478913111,-0.665678847218836,-0.802000145667601,-0.3384611921837662,-0.11556029178114452,1.5027237034923182,1.6334627605141454,-0.2898518790347077,269.6719892235656
0.1811931002851528,0.7604827720402658,-1.6170225960639537,0.23324293610385877,-2.2333808236326025,0.23177669430292935,1.1942245585980715,-1.211107591758322,-32.76921283123654
0.10312599974872934,1.4486494623232442,1.4541176701984089,-0.9554563419520596,0.13336317141983467,0.5632164407471294,0.21069401602835275,0.1248120482826052,120.59208341881327
-0.6409755575397992,-0.10798767132937905,-0.9881852182648735,0.6818598200916514,1.0601255494198738,-0.6010826783164164,-2.7947847617545816,-0.7238657810517125,-291.7204535176976
0.3691488397320046,-0.18469183646264997,-1.8656437783975641,-1.245371481948406,-0.8029813585400538,1.0587479416943195,-1.492453485588866,1.7190715702729034,-231.69382949371075
-0.37896039120976993,-0.6258235873682232,0.7520519679173129,-0.8810712248133918,-0.5640646658664323,-0.2035981451037688,0.4711680570787472,0.916335154678149,-91.82736380701705
-0.17833848549616393,-0.707412394167982,-0.3087323887103531,1.0907755270502855,0.8262246618240998,-0.17588331951483327,0.31529112836987594,0.2849899066696096,83.5835333415209
0.7550761016190308,0.718737728765288,0.9904362210682478,-0.26070225376803113,-0.42317899743745535,-0.025777083501179042,0.09568776050822499,1.4628634878367868,104.46832602752141
-0.019861823687791876,1.0828841791598094,0.27652509293435396,-0.9564603493936674,0.7155309870755475,-0.33466454538059487,-0.22386789595569803,0.09706901614651765,54.02953289374098
0.10844885197275693,0.18899126190487855,-0.0730060284400879,-0.5573668299007067,1.4960867752327391,-0.1801893544604774,-0.49735138135010154,-0.8257992654140333,20.359958876543296
0.9033213944842361,-0.8038092997449201,0.6304516603745512,-1.0385468834339946,-0.36678749519722514,-0.49053432052511964,0.4036623804280269,0.3963021043594342,-33.31582562351599
-0.8771531811192007,-0.23597484043829645,0.4345994320579029,0.8084968949143395,0.43497620748834154,0.07163101461562492,0.8408639279084205,1.9041264070871238,104.26763373490732
-0.5948102291521673,0.008807504571957689,-2.0147200473272404,0.6268585136807908,0.30767764059630875,0.12915146539510378,-0.24246156108732858,0.8227373330600072,-54.27970822109134
-1.2471445286847032,-0.25351805504721514,0.3579386615566169,0.7917394403421679,-0.02244350312801531,0.4254384503295984,-0.945320187024905,-1.9042576222439054,-146.88515440181084
-1.5966145415365027,0.9949560178729304,-0.39964962179248326,0.7892281016434092,0.4598294823813037,-0.9635984881785226,-0.6224475697370647,0.036048353908837795,-98.39171053831713
-0.25064991405364373,-0.8720611279992201,-1.009525265875321,0.41049049141793037,-1.0011371364251163,0.03717138673780348,-0.9669036081099093,1.7418828950339704,-270.2276145738426
-0.04164373354764454,-1.0213262920916593,-0.5766790228057627,-0.6513750567631591,0.2212045849723149,0.7946896040000595,0.6057192642436735,-0.0488097125666526,-16.83808945849229
1.8766520246057885,0.2404764630526755,-0.5727891546562983,-0.7573791767483157,-0.5450883741904624,0.0520031046376064,0.10946235299016868,0.3977823239807731,86.73346778142785
-1.025986234798966,0.4123391561662094,0.033769008884821275,-0.20832978511753472,0.904046576514998,-1.0500426543842405,0.8911456957157685,0.3209425000751333,31.96392076383503
-2.182202204569996,-1.301559651274659,-1.5879640693689046,-1.6888850620286062,-1.6619340217325091,-0.0695775699502818,-0.30421734839190007,-0.005890876467357606,-611.3942399243481
-0.8584569298948449,-1.0052944251594322,0.3961297405554829,-0.6871339716270385,-0.2764558473707656,-0.1403613134635368,2.100390154694531,1.3389304532947788,-8.249965590252256
1.6390453177922646,-0.7996655364041184,0.33241620508225517,0.6317343629152291,-2.083537120689233,-0.0729266829109363,-0.9807136877678193,-1.260033602139642,-138.9526421974491
0.5725437368464512,1.0937019982063774,0.10512528382498,-0.0588396106522857,-1.3487616894525287,-0.057657792253020576,-0.5441421509361385,0.5061860567892138,-36.16356657218018
-1.1027577257365626,-0.6929694030917044,0.11403377930053024,0.21341279120336062,-0.2623269823554671,0.3641290429008308,-1.2817579199305107,-1.4915271533979766,-286.1647429463601
-0.09102606874168186,-0.953772873962886,-0.3837273887900905,0.3983812993478438,-0.5549451455449383,0.4951204366482173,-1.1912802386757912,0.536882463701583,-181.63693525198067
-0.9362388022597956,-0.5915202280463445,-1.3504622143206446,1.0130017282616146,-0.2573813573482126,-0.5463372873637914,0.4387438020627561,-0.7049670236465242,-108.09729260951637
0.8798111442760307,0.3742311994862938,-0.2913254300297823,0.5199912766861831,0.9832096413038839,0.15426746904420785,0.6817826167659107,0.963268749682915,278.074758055378
0.5456046200668676,0.09571096956650615,-0.8361723700478649,0.11829911768474807,0.7249819732044651,0.09667458316429639,1.0757624603064544,-0.24003977802267867,197.52450327269764
-1.41494581875732,1.7826292596410553,-0.13564453855518557,-0.6461773057728152,0.39072680328906206,-0.09920923029280436,-1.4412074688509382,-1.0643833095839195,-131.69068406575917
-0.16359723622616618,-2.2025019823576306,-0.4736946736266842,-1.6193573408596507,-0.6166677446253044,0.2498749517042267,-1.2375199593352832,0.10183718445402874,-456.53826633509817
-0.8031953056222818,-1.9400343240912152,0.48726363636866454,-0.2223496392417584,-0.059485767961044385,2.152192701818723,-0.7847369988846848,0.8376730167032538,-210.2485802973626
-1.176564342421293,-0.46987436222374834,0.7956124886078058,-0.9846718890975703,0.41494971955997606,-1.1702541564460405,-1.5726557289560168,0.04986808534750502,-326.2759170585222
0.08737185849684982,0.69474565814045,-1.5675270388176004,-0.9787918668557616,-0.24469932948910764,-0.08945004698863125,0.17646544809440773,0.718564917978748,-50.894788814676794
1.302354798281134,1.3594215832310226,1.4001822695430362,0.9046158754441244,0.28028703062045823,1.2214406934792685,-1.049453133377646,1.215497304068438,289.18349857987835
-2.098258061121642,-1.8145530693853227,-0.7640409673699936,-0.41272365955328133,-0.9028873378665625,0.11687424850697073,-0.8340185312675468,0.09761129049773011,-466.45620489536174
-0.43410186820152497,-1.0178453462135555,-2.6604336009402676,-1.660989027618048,-0.8342934756534793,0.2766850278981426,-0.7281503221675744,-0.4434935871806164,-379.17643797605854
0.8292442154926737,-1.4332890140005288,-1.3144090447979386,1.110850764274892,0.699920226612379,-0.8546998245692293,0.6874332885074145,-1.2693735869014147,77.42507357358659
1.0793374008332743,0.06069803474317352,-0.058400295007455194,-0.7300480761092129,0.44920278224666715,-0.6204544998963897,1.057357526649138,1.2537492751785122,150.53204824672963
0.8806052187950895,0.01809693800820923,-0.5384488709590246,-0.1635073437177401,-0.19298357515365913,1.0316273293491278,-0.1564789267710799,-1.3955267176451462,65.99346715671933
0.6856130689108237,-1.8680816610159616,-0.6078292604256778,-0.28432630980695955,0.7961865213956786,0.22549355245709113,0.14502420594385687,-1.1244467887785103,-34.221631047419514
0.3137713512101872,-1.0966657568863916,0.599652590569358,-1.6210298194475927,1.054002605880833,-1.7623811049144182,0.7805886509303792,-2.0019733453924817,-75.8113670741078
-0.3821220605747396,0.15685775522381207,-0.11347484810512586,0.5824085973519029,0.4267343702037569,-0.7300258522052535,-1.031639315588925,-1.2433726364823532,-135.63441185001702
0.8666142248227136,-0.38559746708007936,-0.6119675729271041,-0.7705077730699598,-0.12767041317865976,-1.0530821178296266,-0.6928156478249893,0.9659820527138053,-146.69030277600797
0.6601758365408954,-1.014381450728935,-0.20065854418169993,0.062361229127123545,0.18980394213325802,-1.017295610670167,0.3378444369208045,1.456668425610707,-12.421821642801502
-0.6931661367036784,-0.3071278268417023,0.8047325866088373,1.563727019426553,-1.0542824700648183,0.20139883667178543,-1.763524929998122,-0.1961901598729751,-222.34073730967634
1.3010735713315922,0.162147770072567,-0.8324634068006426,0.04407626158072305,0.6999080954316882,-0.4534115870688881,1.2623900489602446,0.12897083647544333,258.9190731192798
-0.6724169525011392,-0.47278812947660354,1.1471056561423394,-0.1660531780587345,0.7094712375761001,0.7422294654909786,-2.559706791917635,1.2248497415411843,-262.1510350820746
0.2035663098175478,0.9367439914481993,-1.6562300137472836,-0.14545958556715188,0.5505486795400941,0.786826517917075,-0.9466591162567656,-0.2195123914295769,33.889589663658704
-1.0550097363508124,-1.6746620497521012,0.4114380852324335,-0.3760461064000459,1.8905855832257745,1.0784758682917643,0.7303713035236422,-2.3507829779871163,32.73077061123891
0.8018708640591331,-1.1331520531712296,-1.4337554339112513,-1.0823793274395588,-1.6070245721584453,0.5518771877124531,0.13471942662282335,-1.1303267299063389,-235.29996579668418
-1.9553916429539662,-0.276857470013387,-1.1939633238022729,0.2862237985416934,-3.196257043511175,0.23197110672231375,0.006153077364519704,-0.30530644827521963,-488.6859768223918
-0.5445233880639757,-0.08569014590921879,-0.843330775335268,-0.9071301569570452,-0.419059706187078,-0.8942768744619818,0.7416697940778714,-1.0003649440924236,-130.56034665730576
-0.40468088387108847,1.9002272371830005,0.317908422987478,-1.4201829257625211,1.3327482005849969,0.4062994010741503,-1.512277040090282,1.2779279360148668,31.65960222767414
-0.6008957439193474,1.0146448118684683,0.882265496246543,1.5830059833967804,0.3502881489566915,0.9067656710490086,0.2875409198015956,0.5238911455155553,280.48225761107545
0.3965407912469537,1.21644782317754,-1.916737630237521,1.4767596010170292,-0.26962780199404895,0.9232816483697667,-0.6280587860711945,0.9840976551692914,126.384403332113
-0.14071848063756837,-0.6524892103692223,0.23130030869295376,-0.05780067803048079,1.958381805597428,0.2221338757932405,-0.38547305392076636,-0.5054304654261212,68.71641099744781
2.1281029368581805,-0.5195826420902453,0.424913289827864,-1.2217117476134178,1.3327307885689352,1.4793132169319485,-0.3923180806673603,0.18210085559988495,195.1700088660542
1.4276210383428742,0.5776444192996338,-1.778867524177479,-0.9307192284118498,1.2777275201713332,0.20584056188890892,0.8736123448264784,0.6466347389556647,283.2948068287794
-0.010115741754720313,-0.37504233970895823,1.1841885894521331,1.387700842090671,-1.7121816386400424,1.9943117915218393,1.0644782936594648,-0.8435044558418406,160.80471288893054
-0.09320764619345706,-0.16103646550765816,0.3216863327793035,1.1046871422712823,-0.9697662971720129,-0.4372346834198356,1.717608213172795,2.5185617319238065,126.12633837003568
1.0305925739360835,0.11333185377709366,0.5867037681926786,2.194505811752255,0.16161278257457468,-0.23867087268823037,-0.8156564959624936,1.1692506642484382,156.36408884916293
-0.5254297194729187,1.1453159184696329,1.1713934502105185,0.28430893333213136,0.9730931507802032,0.3965645057428825,0.09701956555626447,-0.34720418247402257,188.5789731543564
0.31364856817711967,0.5699733484544289,-0.8061509535362693,-0.39869328160449397,-0.10885368184599764,0.47978534751115964,0.5245118326592423,0.34910847424222224,98.10582257903746
-0.6888787012592655,-0.3630293590431114,-0.7333828203336681,0.5957395866126878,0.25468681293766765,0.3183455761298829,0.4319605930742132,-1.1020973918158539,11.865111271105542
-0.17385064618179427,-1.1276699140756887,-0.24226917402552012,-0.3307638309698576,-0.4464924008504057,0.05098841966225135,-1.048335367684649,-0.2150177765392131,-270.0291802445295
1.0607166106671015,1.287223448112001,0.6588538164680688,-0.9942636369777205,-1.0851716997186691,-0.24163598505177625,-0.1484731284596045,-0.44292829494339153,-4.912687019685933
0.8105433459028832,0.6904330025812545,-2.1499174438930786,-1.4996123199831968,0.2448033542712329,-0.45073167607201065,-1.6176644780504235,0.4070763592376318,-148.40148445763208
0.21426417548543103,0.7050107576375626,0.49836463971739736,-0.06256293498921633,1.216677678946501,0.5992301687811744,0.3880505149904959,0.44893564485412274,247.10893982809398
-1.456592699779099,-1.0023867600806786,1.3951237813916644,0.3035875951769395,-2.6112786248975652,-0.2056944656146105,0.2316211426413454,0.4764033964188001,-369.08711308798496
0.09738512004757138,0.4173039528032626,0.07589999297999718,-0.18275087568753748,0.2853947659306415,0.2903337642854682,0.7333210033628602,-0.3130608945288456,133.41232019038182
-1.1095252092540375,-0.40791008145416324,-0.014162119739042666,0.10984042594558266,-0.1510593011374754,-1.9844389803214446,-0.7157543294916543,-0.4221947390860851,-323.8345806100055
0.2636468067609616,-0.13542972841172654,-0.41972188153622997,0.3653229694072609,-0.5284186151556483,0.10450954150115864,-0.37069339438180704,-0.40946846710326146,-56.457955654258846
-0.7449365221971918,-1.3677946881606846,-1.231228509122088,0.4224812324417044,-1.1649833644957373,0.7766883371336921,1.4923939747605623,0.3191990588497913,-100.40130599135833
0.7947995938943162,0.8192258217647591,1.256491003665854,-0.5081540394724238,0.2675340430970104,0.4068442325686799,-1.9849522490213758,-0.7500778288977443,-16.82055916246002
-0.5277848095500903,-1.4880473505301854,0.1492151085463291,0.7478045723421309,-1.5030083696076209,1.507189504443925,0.22548136131264157,1.6946507518957643,-115.36578067439413
0.8181735175740501,-0.5021719735805908,-1.105262925613618,1.237955758419748,1.4829307061235912,1.663921901622783,-1.285096420598777,-0.08319922181986578,136.88176865238634
0.8689159893314756,-0.5279791792016492,-0.47901416579719547,1.0016591349598003,0.26117074959431935,-1.0777991521488912,-1.4351905973935573,0.4514880120817926,-130.65145099148182
-0.11812654619784384,-0.22047012568823185,1.3047695335861749,-0.05158190818811408,0.4781655014524512,0.28015384727830306,1.1659301897789969,-1.9436455219672182,193.7308439542836
1.0390653769638691,-1.8267454819664621,-0.6476024822464236,-0.5835243512222777,-2.5951857530869393,1.5483603440000775,-0.663094608122686,1.5227340228565345,-289.7939540748553
1.432741064146142,-0.0704204199069668,1.9496442146888235,-0.33851557964141976,1.4274553644361716,0.8767460487885957,0.3765585897532264,-0.6137251752698046,307.3047874707842
0.32073523565512113,-0.5443562755118629,1.4367415353834405,1.0634904080819838,0.7750316123661681,0.6415225044915573,-1.0758648826541295,-1.5393128857122242,26.504029208958613
-1.6950926920154654,1.3262311907308417,0.026082493552874814,-1.3075378857650677,-1.7723151864805353,-0.07530945116783191,1.4325798532064833,1.0116535329295981,-93.80079238124775
-0.3078228085756405,1.3358924263320433,-0.4644511405284832,-1.5579089814907066,1.001634435880267,-0.5596969684983056,0.1875752721064948,0.01549124172419152,54.23177111000595
-0.9120359258054702,-0.35860890570904785,-0.022957052537056263,-0.5212502092545637,-0.6531647532377264,-0.02002412214867504,0.7702962407219314,0.09191482333427498,-86.3762729617126
-0.37959325391817816,-0.791239337367507,-0.40296903463618183,-0.6039243066702699,0.9777679620973678,0.8354024779532795,0.02170471607277978,-0.44378997341713783,-23.23363271022558
0.42874338610801505,-0.0666014725000477,-2.3753251968199414,-1.1176761443354741,-0.5615525160447835,-3.4244632932176624,-0.5020636760401281,-0.8270885674658587,-377.1228356939687
0.07363403906466133,1.4330228543158476,-2.3750025347341603,-1.0691735235220274,-1.5752258111969384,-0.754150105661418,0.6936527238025391,1.6633726067994603,-87.57495495195926
0.09691725410882712,0.8681547199147333,-1.1196391582669203,2.396697011858607,0.17930235341874967,0.2430611475376547,1.4659872314973208,-1.1923046733742741,336.42864144918224
0.6282431660120004,1.7541098896050589,-0.18425479629293648,-0.6032760537936608,-0.7994430417085192,0.7897953450209039,-0.15483907651137052,0.03448321062722757,82.05833616687701
0.6386346710699926,0.43675799866962767,1.3085822226808796,1.1471371439472753,1.0009867264499408,0.2720449108078995,0.39077380709726023,-0.8884431444189711,273.8193300484864
-0.6978577452711002,-0.2289571113142619,-0.03416518498367761,0.8620306893802863,-0.9415454701648996,0.6074889299613403,-0.582377254357909,1.6869700785452528,-102.41000627109901
-1.153368737501332,-0.26105937701948395,-0.17012823824094114,-0.5511633798775316,2.2083517103378925,1.844561122796532,0.24103360555678643,-0.5179481138478397,121.83728752053102
1.445825847408164,0.8699808088853405,-0.1987479536490444,-0.21526435212100142,-1.3185443615655077,-1.2137132337349268,0.03971432360305084,1.2947773896095172,32.91968448874295
1.2906279503752065,-0.6217954578090767,-0.770590525308295,-1.7023680412263893,-0.530643118206359,0.09758147888965743,0.07171806441526567,-0.8235010658631233,-76.97293007842148
0.5813253179566592,1.0751827674845371,-0.6747332851006547,-0.7987763181926779,-2.2206827386837227,0.9836981556721122,-1.3598759504248623,-0.7086027269761048,-234.93103178930195
1.5086194039204877,-0.1922416871517361,-1.4994071817346057,1.2972120149873907,-0.4871469782717272,0.11302484149991555,-0.5010470265902361,-0.9764158064185912,73.224586408713
0.025205485425402987,-1.257556144088365,-0.4699632846837603,0.4113650124125571,-0.4291711204821011,0.19331750655092297,0.8719300165088604,0.9923241721553605,-45.018730746186165
-0.8547571311291465,-0.5036979893810707,-1.4398724710340087,0.3012803500112971,-0.7048509707905729,-2.41203531896041,3.3332285244915063,-0.506559175496284,-10.161521851965023
-0.7847984988870865,-1.995991453659414,1.4478039582239808,0.9596102889667617,0.7215424983045704,-0.009958537301370168,-0.9600249314618426,-1.5603355768143834,-184.67703023422882
-0.8998468841343025,0.5818087249915488,-0.45368175187387755,1.413387301203963,-0.5167596527520687,-1.536452985006634,1.0134499587060628,-0.24006255952520344,-29.57725428251223
-0.6131752570302224,1.2385069758522067,-0.3082198398455526,-0.9278941181776272,-1.0376972471854555,0.4147297051400135,-0.21415277767524715,0.6510889817520901,-64.9901288845098
0.7996897369928975,0.4445465364536674,0.16322503808767205,-0.8930015199534865,-1.867576735251714,-0.17728286732464843,0.33805095301867694,-0.1810483774096944,-90.68009443114755
-0.6045233452930229,0.2979116910076732,-0.3192840924002547,-1.414779554367861,-0.11745989481302499,-1.6568936482676946,0.2973960492388887,-0.4802892561904463,-184.55985429137007
-0.7236196691565282,0.35743661966642193,-1.0528328473484851,-1.744225675992431,-0.5208722014448681,-0.09550052632603157,-0.17955493094133274,0.21199278388934858,-193.57670464163687
-0.12153241269273164,0.9924463622963161,-0.15587230250498282,0.4740371961361011,0.46774166648774224,-0.3245789324498157,0.7060238975405881,1.855012739171904,206.50421063704627
2.0211615183396785,0.1724775245588323,0.06904812889278704,0.5594849197621845,0.09939297464796015,-0.061137198315262355,-0.6264185554442455,1.5559566562177622,110.32774135521211
0.8291627630715015,0.564314763747296,0.0975749608619983,1.0260495570371522,-0.7172318916076813,-0.7459834869949423,-2.151595795657837,0.06201866344565633,-157.48373963488774
-0.40850736531226745,-1.4742194037358243,-0.35007978416824104,-1.0407603376892012,-0.21551699167568258,-1.7431611046430613,-1.4088179196362685,-1.703063969768943,-499.6504721639639
-0.6234729362584255,1.163462378747006,-0.557798953658373,-0.7013236100825343,-0.6198386644448728,1.086665356077787,-0.4417195377395655,0.4294818394769935,-42.97982957882282
-0.5986762214203651,0.03059160133442036,1.6188934137859246,-1.3374065979837995,-0.4920096805129127,0.4866240541486866,-0.3908444203264505,-1.2542004632195172,-125.8630177230827
0.9445747774931884,-0.9814264186275483,-1.2429859855659666,-0.15389962581525102,0.03287989202687884,0.8033545410979229,-0.3009966957062677,0.9830871608972264,-20.418572077728797
-0.20284153791711138,0.05718954658448127,0.2689588046796465,-0.6425034285816545,1.0294888517150667,-1.0415041030348293,-0.2409055940638602,0.467724889697508,-9.667995447139386
0.04846701269861159,-0.045379072122335155,0.11412685177673393,0.30571560093153033,-1.1618500946566013,0.8830900618982527,-0.47193583674257106,-1.197439052144039,-74.22414481665216
-0.3169809895412895,0.17660415557087614,-0.884896788053689,0.5135865038512841,0.06403924931523344,-0.9911590531703166,0.107220851684418,0.33017241650516854,-64.7212641775557
-0.8521049532198184,-0.24755827397100802,-1.221699092630181,-0.33185403063834623,-1.0323418762485033,-2.4433023927558883,-0.7929053883231724,0.9113838349118258,-419.2674102764535
-1.0947105881192172,-2.1413460250169076,1.1527108595329703,1.079924750551901,0.10214547747018649,2.024578497278134,-0.5369075234551991,-1.5222018158412773,-98.40231196746923
-0.1928554603497804,0.3319742154884982,-0.21273296701756084,-1.7780128529585086,0.10864837149473018,1.5033185204169108,1.4382395207337566,0.7350265843773598,124.06333248147726
-0.4755352783033716,0.6406421001859048,0.10332421049752806,-0.47067415439042243,0.5174560167326355,0.8692785099330952,-0.7979437313076047,-3.0933051312538393,-15.576714068355784
-0.756517813284413,-1.8216124214918041,0.12826893395859257,-0.537575438562081,-0.8585448207459871,0.9413475551079754,-1.1264705671132562,-0.9422924522204825,-370.49007718221753
0.691170135138051,-0.40502324810670987,2.070087567989188,0.13649391188217622,1.184123174285453,-1.8546828697906381,-0.9213962085234904,-1.144547974645828,-59.20140223170103
0.791052548450939,-0.1437613762317594,-1.9439517458795463,0.5356572633442401,1.0715178861105512,-0.21246071313559933,-0.25748651983837645,0.5883142164253674,103.7312695287273
-1.0284405136698709,0.7739451309853989,0.4048199445075481,0.2065739283305391,0.4590824704280094,-1.2529192805422766,-1.192770915180339,-1.3446978533285325,-136.08496171589417
-0.32107996933615773,-0.8803469802357029,-2.118091541489691,0.5793440528218753,0.5721951447058002,0.5368671393913552,-1.0819717854701112,-1.3548424825325538,-172.66784000513542
1.6119448089057997,-0.5862686980868325,1.3048348292901781,0.10190470216922498,0.6226293443729812,-0.02152446941798074,-0.15139843111419726,0.18268113658013194,201.5200657847638
-1.6926534590394575,0.1273164654174588,-1.2056398037702811,0.0389294173874526,3.0896118165848074,-0.013563389108324619,1.640160229706629,0.6141618025340437,249.03711019938902
0.8211141987976414,-1.0051910805244595,0.6749534358351011,0.17881373629045325,0.6966510354149531,0.15420637819266744,0.8002027762463306,1.3324977678587235,188.74203945802884
1.629021093399,-0.14471630857488013,-0.6391961570600293,1.5726433979818808,1.0710219212476058,0.47363193730387454,-1.4254844229291141,-0.07797547469701374,161.71580563751255
0.6894993276820002,1.1260735091737724,1.149169645161332,-1.1450780467183068,0.4970517092741547,0.7770780096551719,0.37649293179376614,0.17049081485056608,213.4570177481018
-1.2128042039171611,1.426530628225317,-0.21211553900611158,-0.9640941258464255,-0.193266084321024,-0.6971011648826017,-0.3046876121174247,-0.5388503360533462,-144.79650576421346
-0.2496858025506505,0.27981812650390736,-0.14621069676145995,0.7048822905150653,0.2535974459179614,-0.7146018469753129,-1.8835921590778604,-1.2393991337249606,-168.79661747099536
1.1426499103597596,-1.6887216190017307,0.5855713993917359,-1.217890754101298,-0.4268701915026423,0.9099943974506413,0.8582643857852389,-0.5980322139441901,0.9414243532180606
0.3061655221119316,1.232117569016617,1.2069223794821713,-1.4204348083391591,-0.9729731197499937,-1.2590134527201153,-0.3718727332965561,0.1683988269813004,-153.538283925454
1.2748044370065257,0.20448636146732269,-1.0532911087141252,-0.9615214018436058,-1.078797551486913,1.1344156120082327,1.1471090100684367,1.2458345908900632,140.92354717193282
0.328244553309326,0.6145234382464052,-0.4385950236678238,-0.5910874954857195,-0.8638652645274731,-0.644451318349763,-1.1549245493094,0.17590858452176292,-184.3720065138415
0.14896590202119123,-0.723105939367594,-0.2412495903571068,-0.059310767288779834,-0.17901559378833096,-0.33527064202282714,0.5920873021206889,-1.3290732641242933,-25.376232316692
0.6391262558904167,-1.318771645913088,0.284775209629216,-0.5011553753674773,-1.669017594930225,-1.6314785412236008,-0.2366661670812653,0.9872469709190971,-310.24636126206855
-0.43592679135419976,-1.0032860151388292,-1.2489199166827094,1.3138593394639853,0.3508362508695286,-0.23479133681032155,-0.9380181839464393,2.582762662523776,-113.55726624344351
-0.21314728319515214,0.4947233259488627,0.7923092475774286,-0.06890906781777216,0.9265883156718501,0.9955947972054273,-1.4321521176344432,1.0039789002187967,45.667893928002684
1.653700543960919,0.20393426052079897,0.33661319712566407,0.010351199347026047,0.8450749436046081,-0.0423747565702029,0.8816917614084999,1.2937108446566132,321.1669839654366
-0.35147588676631164,-1.0582897405044658,-2.4512987730424944,-0.2037509124051843,-0.38628192383627924,-1.2056782957311627,1.3065651923812738,2.756238577726805,-150.8936558508306
1.229111954127227,0.967495611970166,0.40327481695714273,1.2472409372465627,2.185452153968081,-0.20701252382624227,1.1253794011870233,1.0126865250890025,555.4659911275959
0.3558540467472824,-0.8204066843608296,0.08777895007314492,-1.400567819789706,0.44392726976396374,0.3814465873792989,0.39764142897973265,-1.9833343722074845,-39.84851068221555
1.708804807177128,-0.24643647354558773,0.8313518175234275,0.8040847055293282,-1.1085017806262938,0.7560327993583223,0.848372702702924,0.9118276898880954,185.4027819662862
1.0359425773937037,-0.3753214485168166,2.12092919726211,0.574340583839236,-1.161644249065169,0.6984216348378983,-0.09701547348135113,-0.25188677302139645,55.73354411195319
0.9228192995133782,-0.3473116218514582,1.669330779548396,-0.7123045605858328,0.8328761826507002,-2.07159993109432,1.163222502614566,0.2854871210914213,109.7201838730607
0.1830941852914648,-0.8979817070252679,0.48226885917387113,1.671107215629006,-0.8377707075723057,1.7229781312869015,1.9482546574868127,1.2619930093221987,269.997342911048
0.2392647897114483,1.3480758321698865,0.7670954766895755,-0.26181514162401653,-0.39430110408799524,-0.23421959774147993,0.6881916678894483,-0.819106804548835,142.91028606444385
-1.10031612102549,-0.6876068672588647,-1.4961031635350777,0.282593126241485,-0.7937656045967276,-0.03357575031373843,0.4983904003527809,0.9882422337666995,-151.91595597546217
0.9008837107996179,-0.015932572478328817,0.29691639218282556,0.28569368646217574,-0.5352515009071689,-1.6597950094300349,-1.0116788106807117,0.38253401847826585,-120.06919693952878
-1.2064198412895997,-0.28658190612619316,0.2877418307592778,2.2021229411658685,0.14925881662914964,-1.7569597173974105,0.9708431189593028,-0.42914765938048544,55.72074451993836
0.1501091672091955,-0.45926708366625557,-1.0642460387402337,0.1318733453111592,-1.1980976283986748,-0.18187722868039724,0.7132406937487266,0.8847651863835756,-91.29623217260938
-1.2317929618595969,0.5244500223705796,0.006938900967227758,-0.5785192168168481,0.798510107477411,-0.49057229569706273,0.9810938272863142,-1.172511289215726,-11.202945669212674
-2.481618122859605,-2.173677734502842,-3.006362796400028,1.3622115571215738,0.5227156272825817,0.04932457022102849,0.594931141478227,0.5560312811830632,-244.5507450500847
0.030356217273132376,-1.2688796106370746,0.1542797711007091,-1.5219850333093803,-0.5669983672168888,-0.7331258528751786,1.4932823338236194,1.4602198620233833,-98.00656147619827
-1.8818137418374306,-0.5894808065774321,-0.4595845070899126,-1.1004602273541515,1.6197601081638027,-0.7661800324166836,-0.7550940300074761,1.4982137215416003,-255.40589307371573
0.4418456489571549,0.30959824144914727,-0.6797907394802809,0.4864226513503717,0.8538855966690262,0.9071896329092856,-0.36882182116098994,1.21595908116939,170.36624550606277
0.315929139859335,-0.1823576741210424,-1.0186295646682133,0.429494019128217,-0.9018904446237966,0.973894391311238,1.0280401737864568,0.9993430120725241,91.2894596787682
0.15988862728708741,0.775013159474962,-1.067029962870118,1.1763552230249414,-1.3913905434361293,0.6012585612204004,-0.6655930882397822,1.6128572658301843,-14.89407197309073
1.1041232317265288,0.32165225300758254,-1.1194614257266016,1.695989605470189,-0.04287929540042579,0.5658552535504972,0.5500350269182809,0.04260731995472818,245.46340928606838
-0.3262236420552412,0.33913501588011613,-0.16594883695822146,-0.42101493134529894,0.5117935214834339,-0.4155999179739847,0.3550292953569437,-0.42117417557121895,-2.3696053366075596
-0.8745781585900946,1.335527986361617,-0.7361107449149751,0.10055822947992994,1.1988764541500312,0.7547937924200564,1.3246791902710549,2.3046298504450276,333.85571165893936
0.25735738423179244,-0.43053003614130597,1.7238193747884227,-0.4616039486685529,0.24343329164585364,1.5216525644216439,-1.3855122024860793,1.1112462313604126,1.1651293296207452
0.5100472336791569,0.41041753548296817,1.4693545025702772,0.9599754486505367,1.8703478830118219,0.8982858727173647,-0.1332477147489865,0.6315143348846731,365.68669163488676
1.7661608779293339,-1.2042198455997326,-0.6621593396668087,-0.3294137519130651,-1.6510755894058389,-2.0644148031211755,0.535429356326091,1.461975627213524,-182.7872638779207
-0.15227906789534607,1.2706136547918307,1.487554489170552,1.6347502302222583,-1.5765305475924158,1.3113218846464674,-0.7019317199950199,-0.7843529197169494,82.02958248723533
1.6192232268094435,-2.0168083065726954,-0.8282781161042171,1.5621065112839314,1.2199601525656987,-0.4127049345389263,-0.8208536629244523,0.66710800514606,49.298984300241486
-1.6950187580459977,1.243328662605712,0.3842190328947473,-0.7738275974996581,-1.429625428730621,1.066688206515186,0.0072087984857122835,-0.7966458507965734,-169.65827806451483
0.17565554710978867,-0.9438283827641728,0.25570463402200017,-1.1835381169098393,0.2554280224485768,0.5298944915071434,0.14929544948506882,-1.260190121050606,-86.43280202179099
-0.3431520368485801,0.7555112381017527,0.07395272634609236,0.6006310083749886,-0.6713996866149843,0.16132546072283105,-0.3459203683834817,-0.35346500883956955,-31.463832251635022
0.7626262669372941,1.4967278415021472,0.6886915034170401,0.5098738080130154,0.4107870672957046,-0.7278048257405956,0.8625179295223319,0.22239459918988674,288.22462332790155
-1.7654406676583267,1.2446417729678254,0.6283680363037837,0.37705835806021587,-0.4681581856513861,-0.01910639162006163,-0.9960159087143641,0.8139214355639384,-141.11684347065318
-0.9718757569542457,-0.1662254746682866,1.07666496470867,-0.4445356265387261,-0.20783009683936585,-0.8623957422222575,-0.4866914747362677,-1.2759947788601829,-248.81683578202706
0.9388517689586727,-1.9107488776221957,2.063795551062848,0.1470658631015921,1.0824067597232148,-2.052635508275344,-0.8073976815291606,0.6364128589793191,-101.68612354810236
0.45140134134386106,-1.0258779571449546,-1.1262392979416433,0.5531895556378931,-0.07500377326971366,-0.5892330429022786,-0.1584046494099568,-0.2695417575605494,-82.57563340737593
-0.7029413566246834,1.5901533036414033,1.9929764374540613,1.8714844166775693,1.717218378843945,0.6046616576214588,-0.9285480204433574,0.8322554679191356,313.6405125381633
0.7225320690220774,-0.3088988647847681,0.47998739958850695,0.9702691231154214,-0.457536657928952,0.5468612131710784,0.13492868404931957,1.3787835646884938,129.08803718277647
-1.2740382964316213,-0.19236336177073643,0.8297349122342127,-1.1115546446657985,-0.952761951545113,1.0833567591389537,-3.0356229118480935,0.3460285488622691,-423.08481666122543
-0.030354261206743546,-0.42492408284338173,-0.12208333794070488,-0.7051884510921642,-0.5306977031028328,0.8932179767252236,-0.6837877316531793,0.8287664388171402,-151.28177632318938
0.4057108713415977,0.4579602813092806,-1.765357262721318,-0.14916074831146156,-0.6385226915467381,-0.22185518987534011,1.5236720429023398,-0.9726498374538839,74.20892372139565
-1.524110909010692,0.18249382261985345,1.0743842799159542,1.671520898455431,0.34075143560998294,-1.3304503604919404,-2.1222957899108024,0.0407815383886479,-222.82625500784047
-0.23831013876706708,-0.06952192592514618,0.8537439723035846,0.657392514438565,1.1803689564876005,-0.649866140211731,0.7720021741582936,-1.2746056015482299,155.6534940052571
0.8083953749995791,1.1431569046427024,-1.6412697608610554,0.5280220198723061,0.14657869112650646,0.5163540651094325,1.0386017550439846,0.8381910449660129,295.4741983963042
0.04424432631759755,0.13907432011344945,0.10561064566324212,1.2542536511772353,-0.7824878133865315,0.17805616137274963,-0.0988288189556598,-0.2727481745870089,6.342979138478043
2.1537534004557104,0.961243633254257,0.20810618755162108,-0.6119881989974472,0.29348572225577124,0.9049599607917282,0.6774691503957274,0.742905273721176,366.528620496117
-3.2601754857553686,0.07487986600279667,0.3959617713142227,-1.5261469261337852,-1.5752802713612264,-0.25803523717705046,-0.02244132981911481,2.1574325886589922,-449.87709366022005
-0.3107989587770114,0.6299378991594017,0.015023335613671725,-1.3529441546166825,0.07235451450086773,-0.9654905377524694,-1.4939822818215867,0.9543952853650297,-249.35057846579798
0.9360182782404293,-0.27514189011979806,0.32831229898896386,-0.6222366800305554,-0.047632398964555775,-1.1389538467638722,-0.24053527082752005,0.003329238117729625,-27.429932867738202
-0.3597861204079992,0.43872339964204826,1.1175967396215227,-0.6967750091487429,-0.005953700445797097,-0.7392857394567011,0.3511955046159446,0.8946313510827377,31.985946273825405
-1.2337427855124323,-0.3700728680193082,1.1828267370517407,-0.40491989186346655,-0.35601580118264775,0.32131176211984497,0.9049173461198088,-0.5829697812492882,-24.266200191822588
-0.8340742564320871,-0.5678752656698244,-0.9996213551211822,-0.9128329536846392,1.4790795996404127,0.07594805540299197,1.3759108306147911,-0.6991786158961548,62.159236395597
0.6699995649236039,-0.8125660572506638,-0.23958032121032186,1.2033146844824918,-0.7722016322594298,-0.6399436335511742,-1.1448053924832333,0.694518497430318,-171.85801014538444
-1.226917673391546,0.1330198233388341,0.2046721117423529,0.2712045662017895,0.4410405776386617,-0.38019572966683507,0.7731256914517614,-0.3140020408031192,23.009684758966017
0.5249796553930334,-0.5138954039757485,-0.5987958960770104,-1.8255406410671584,0.5546921601348158,0.7618528340857065,0.5728030915156082,-1.036812945092386,15.694294608643434
1.9170850959773387,-2.2286108032553766,0.9850998238570535,-0.7742845964736886,0.714555326402076,0.6181730270251471,-1.3437896431289307,0.2997084581848562,-105.67692145665005
-0.64586651584448,1.7872218295293045,-1.7533700391762534,0.291679393598911,0.08291341069438771,-0.717743461147368,-1.106320829493216,0.2613951848194941,-108.21498365158533
-0.32813458814816976,-0.730999869729358,1.003746470995331,-1.2114190932931916,-0.2687943803854155,0.8325080606119268,0.024342740371109586,-0.8002154464485804,-100.78639154531976
1.0677503560402306,1.2590460688402323,0.0330287404965394,1.0878342441984932,-0.9082558525031752,-0.5862703257750248,-0.9052415680914347,1.0148467289881067,61.70346741681713
-0.20092247709247327,-1.867353776557001,-1.0023585612966033,1.8199192943547269,-0.409246096783373,0.7648563680877778,0.9315196152453524,2.6159725751633895,25.749296740934334
-0.5927896227962476,0.1886502259758448,1.4039995128750826,-0.8667197646556454,1.0035550711795451,-0.2946918962861557,0.558156002955815,1.2934368040854605,89.16612956892955
0.08016538653515665,-0.28617425615394093,0.022456932181552848,-0.3061597984470417,0.812105189665916,-1.4032323561213371,1.7436336982763645,-0.45972189882722325,102.24224612648761
1.0518406111008967,0.3713153662679973,-0.05849705960804488,0.4533584792483056,-1.1387392602406081,-1.9950398420837523,1.4609814260012732,1.9209966920463062,62.465872923926
1.0864257467240415,-0.5230029360507088,0.6583827085305312,-0.49890931321812354,0.7983983193353799,0.3142769013271943,0.8755582433697771,-0.4701817481886698,192.06739873461714
-0.5039288352731565,1.1691651246806987,-1.3658586099580647,1.0761224192830692,-0.9561345282365976,0.2936568245929712,-0.9408284128251857,-0.9048253385747123,-113.91122146091183
-0.016829545305062484,0.12199862323379705,-1.5965578132681377,-1.1897500046585723,-0.5632928587213418,0.5857848426842117,-2.213669761648418,1.779026231224436,-306.3492015009031
0.47177775912678166,0.7606599704311066,-0.2229501564455013,-1.1014996267250712,-0.5877543839497932,-1.7687717000796903,-2.1223494720326914,-0.08906461881002403,-336.19251197732586
0.4843284408000084,-1.494414594908002,0.9539525000140903,-0.28342770295533654,0.4575756361188582,0.43792823527040203,-0.2405824604933755,0.15152290449936287,-49.339048643040805
-1.4969969253179436,-0.5769071157229867,0.6391779432870144,1.8406233788052193,-1.1900341220913575,-0.39416187855766976,-0.5172207950852087,1.6861038680844838,-150.2549821939375
-0.5230381401522092,1.2444378511669687,-0.13431826039044373,0.1826564515018208,0.6015190545205129,-1.2747473340213136,-1.5942699907604532,-0.20572559397093862,-123.70812486893972
-0.7169280208170149,-0.1011079382565919,0.6880578188142625,0.2676878467299797,0.475919286613881,0.4640675660867467,-0.1636138722576894,-1.0250746395937371,18.157889199214036
0.9070549936044409,0.08124530072104273,-0.22807585825356738,-1.2103826905567492,-0.6402288084189324,-0.23020089087000992,-0.03309403840392151,-0.33652845064409875,-39.061178558685995
0.5744402566402694,-0.05053202925817502,-0.1806450515186855,0.4501330846160346,-1.2037454647812151,0.007606091446218251,0.13888209118623462,-0.2930013265606529,-45.65150746507527
0.9209139237991367,-0.9883875807701812,0.6115811060696604,-1.1921527306222313,-1.2456091777011957,-1.3999280108153873,-0.8273848780360944,0.7659272070048732,-332.3399289324434
-0.14388430741581695,0.7162195736458659,-1.0937255407429578,0.7307101358690244,0.3568158330343754,0.11070648718813968,0.4625954954406073,0.7133283910125857,127.22560889935063
0.6338604996721638,-1.06691965716624,0.4500396061880096,0.568575556913857,-0.6413267211196925,1.2397492087317938,-0.1494355511293619,-1.2488363938013571,-3.933078901110788
0.10687892415337727,-0.6733678808425941,1.5474841534532306,-0.9818444081308279,1.1194312223459417,-0.08824890675348282,-1.6999731389754533,-0.38110027436295335,-139.07835257950802
-0.37211568561078584,-0.7819163413261588,0.18246225619213544,-1.7260961525922784,1.5709198721143829,-0.46307619906748726,0.2591463357179657,-0.4851877620482671,-15.422960988056126
0.14791969284323425,0.7919273877014238,-0.39031610513649506,0.5569037384888764,0.9037837375547023,-0.6860348690741999,-0.2180262812971447,1.7584323512160442,145.15636921146861
0.8435989908918685,0.7157283032161361,0.1601241690486497,-0.45915900780861796,0.3968872528575959,0.4239601113060709,-0.17304058016890664,0.6546292834450538,130.8682617767683
-0.800800642685925,-1.986281630720848,-1.1750335925598547,-0.8708322387967253,1.0176058531164482,0.06684222859749285,0.4547020073119674,-0.8983466757331222,-175.45140470990845
-0.6094525793439487,0.34836275720254645,-1.8641956035356237,0.7678915214905909,-0.34411157960397726,0.6385534573996466,-2.7996522062149847,-0.3306190097549095,-311.88463813316906
-1.1219992415883733,0.5690531419552108,0.6154489093003492,0.2919843300166146,0.06437759426203765,-1.129905668426136,-0.8307620094000847,-1.9419800807951197,-173.16764880269096
1.4443812533171394,1.5779307948496593,-0.9682469140488518,1.572133757065608,0.9057629524922122,-1.2363031623377558,1.536578059366418,0.8827937751478275,442.677541118163
-1.3104927926479863,-0.2453043298309259,0.7717906736286682,-1.5153734986734593,-2.8627773687531146,-0.8937523806101145,0.8151650884733489,1.3061966203326008,-404.3463587055815
-0.2879838665207813,1.7177300496602352,0.15684398370418373,0.2998083522698998,0.48633519724170227,1.4267211566488358,-0.569472270518497,-0.4581267928860093,196.8884392388802
0.2393789947844974,0.5871701149308709,0.29439321792346984,-1.2706502617639872,0.20420992048308179,-0.10647525262585282,0.03145570150643995,-0.4002588481062169,25.899039755876814
0.10945512860999755,-0.9530760466768401,-1.0193009047749786,-0.6211953831663519,-0.2960521062320574,0.5103461411425771,0.09507498995660514,-0.3710599178782913,-124.22291292598364
0.5519602201034727,-0.4397746804004872,-1.0112866464341157,0.2550963043932811,-0.24827100867282012,-0.08461248308095655,0.4737220633380189,0.012875960395945577,8.532945066329363
0.07169903242951868,0.42700640227600983,0.1764360634322241,-0.6976110993493105,-1.2600878844643353,-0.43205335322444355,0.014910979900577253,-1.1172262466712484,-129.93667590803543
-0.5946562372934778,2.4092200785279543,0.24795760209791043,0.05202051518552563,0.32349926244276506,-3.2340232029103944,-1.9497778405171644,-1.5427851045605976,-181.1459678261391
0.6496042468802892,-0.946131450909486,-1.114476137021265,-0.5657377069316772,-0.8451334056999418,-2.116568435741451,1.8846649715559638,0.2510994944999555,-81.37195418311917
-3.0504572921161164,0.16858323464904781,-0.23461590206973,0.30073754707678985,0.5951403579366124,-1.7336292624298546,1.1595280190364954,-1.8911111509352279,-187.30558485741307
0.4743684836877014,1.0151530518115002,0.9650835796655557,0.8165438174638954,-1.0575523241526386,-0.22904371845179453,-0.8490275566338478,-0.6759363676239541,26.569962264125497
-0.5825039207501723,0.9526130060021237,-0.8136157902441752,2.089466842625141,0.43592504458905873,-0.4571628596468072,-1.0705448211333226,2.10129497540564,29.74746404154482
0.5948209399218696,-0.566121613177939,0.5500603307545994,-0.08270438694826739,-1.310779119367299,-0.8884518208164324,-0.4965625270102741,-1.5641908911562388,-233.21477442073243
2.4568412167647615,0.28045704044121395,-0.06963669036506978,0.30470499485104574,1.0257447140061808,-1.9575941501264877,-0.6618367720323198,1.4379923482907062,135.55728143798913
-0.563517093339362,-0.20111711363343776,-2.670876815838087,-0.04823239531017968,0.9715387414041596,-0.4183950581806214,-1.3841926673931826,-1.1887564118521468,-249.48579703491538
-1.758900519213958,-0.5129100124116551,-1.488031038207258,-0.3738999456266875,-0.814024432103698,0.822647171606419,0.491344593504617,0.790798684104465,-210.30801714160256
-0.5412335987419876,-0.2804159759431788,1.5515571637715178,-0.31742780423675404,2.191895697037307,0.775343005811924,-0.41264974447494407,-0.07335553110196161,134.75700257907292
0.38389170750228435,0.7451431299210192,1.5658915499587904,1.0480655824868668,-0.875314706992155,1.3271201339706884,-0.11227329741720735,-0.026519159321118868,197.43963918208442
-0.43054947173942426,0.3182442852053499,-1.2394569600009913,1.816993380192952,1.518450481985779,-1.3780792026158315,0.3850026318672188,-0.731944045473594,104.3765428102555
-2.379962690315424,2.2882554797144,1.282911321790202,0.7104802528206439,-1.1522588205293824,0.4991792698114551,0.36265834197665686,0.8490529798583962,50.92460315692383
1.2170417641883178,-0.4993338375381331,1.2565833066960816,-0.510310780059183,-0.5792829085690852,-0.5886205854106459,-0.38390394764274083,-0.26545311340257466,-56.15076623923015
0.23242430094997293,-1.4340593545510243,1.2283320883960356,1.335830287874716,-1.5348896233704685,-0.1998775453815301,-0.3238664378732647,-0.016657085126198134,-171.7924095708142
0.4838830423635245,1.9285383246750554,0.917157893273646,0.6756901666827603,0.18051782571680405,-0.49962317107764237,1.5182032752039114,-0.2689344837024004,364.47183452543646
0.42104696495269284,1.1823352268296694,0.8200119188575723,-0.9912622584059789,-0.621789515797658,-1.179404683692706,0.1906730652790518,-1.178504068822574,-9.140931118782811
0.5381819422076523,0.6121920449484848,0.4097446473085358,-0.5361911030253107,-0.3337500293468545,0.9659378801605296,1.653893718771856,2.5847013708256648,295.5780040939802
-0.024782238831562987,0.5343718539390925,0.11976471094254983,1.6004831186640245,-0.35699926624223666,-0.7830852765095452,0.7048661771921128,0.5050870348253521,133.82085517628153
-0.14432926889512446,0.6967951186749319,-0.03796383780674192,-0.7324402064927608,0.3151741200615612,1.1086264594654722,0.2230106010550326,-0.5387298193197337,78.82955181587359
0.7190247250790194,0.5820122021128921,1.4900862375985027,-0.7296960769499466,0.7015690880259108,0.9331735869814531,-0.22391945317022718,-0.42733647548997594,217.44459289699077
-1.487038801629896,-0.11542620615807156,-0.5627334643392483,1.2272089475480505,-1.121000878877845,1.466636919006133,0.41391432924447596,-0.5252974082028552,-23.88953291254383
0.5549317052078772,0.7852071391950202,1.5670840864508446,1.5826172490349082,-2.932021389010003,0.727347129484209,1.1145943105735918,0.9132014208222053,138.23138813704549
0.22156164548589655,-0.6515135326965258,1.1598539930376701,0.16494205024743086,-1.4047883074363272,0.62535915832351,-0.9221313248265232,2.0576089012590737,-145.75524283201162
0.892997553369228,0.4720167787086898,-0.858953244192215,-2.222044239878917,0.07981991465980937,-2.1013385527787047,0.4631563749307377,1.6564415937599872,-53.74739889421037
1.8941361035186786,0.007047689107622504,-0.7520242155817684,-1.708629636160662,0.5543283201057067,0.6609719424843524,-0.4559356210989102,1.554035196415592,78.18547122764687
0.36308717523762657,0.5100236273852611,-1.2166609815623324,1.068944542556689,1.2839391601226542,0.2821418786149231,-0.08178994482879386,0.49157262946186264,193.07936314039074
0.5484000667324725,0.4276268426238278,0.13820798443481183,-0.2363963727490592,-1.2275010544734475,-0.1697997906142959,-0.24640053331762105,-1.2668572660529347,-88.13684461601996
-0.18798645546966367,2.090282125298557,0.9512295934992173,-0.38039238184918256,0.00985919507597509,-0.47009113488708193,-0.9388265589653328,0.15609127159638528,56.41196348060884
-1.4935415549891704,0.26452415040621347,-0.3100343210675466,0.2374207278413516,0.2660509057701036,0.783154856156324,-2.099423651110397,-0.29046888090531453,-198.45399955005539
-0.20060645782605516,0.043085797383225356,0.7071688223512516,-0.06095755184575789,0.40611318944602803,0.4426936684551254,0.2407364351200197,1.6766092916845305,98.5647135654096
-0.9424508742301381,0.5203516335806498,1.3111270960073569,-0.349087363129916,-0.15590246342029196,-1.8560391967239618,0.7995286423237431,0.2778522248159974,-74.09890623496543
0.2580468603797049,-0.11286326450065927,-0.6024452577267413,-0.6171801048727779,0.19882237736939185,-0.31416169045736136,0.05831408941610127,-0.2756122456375007,-26.8820342103105
1.518797191287471,-1.4900737878078179,-0.2786023409624966,1.0692786247821269,0.7827439825033211,0.5440577668492355,0.7534630450677423,0.28295585957645847,251.32969840013436
-1.0206905987752306,-0.5528574922987723,1.4914488172839178,0.32052643949913606,0.22303559677957235,-1.1582529342073526,0.9694268139182168,-0.36574236385524794,-36.32927749783085
-1.167938072627015,0.12458981038000108,1.4167720017127359,0.21727455572920334,0.20380963689089085,0.449454957979435,-2.2492641124808945,-0.08448597727687855,-211.42550575774672
0.6936820128286062,-0.4306955801451894,2.418772884586857,0.574526875388515,-1.0568036184882186,-0.4478965546902509,0.1324787053835209,1.3258000786688031,24.84731898147371
0.03905661117217181,1.1725954643382397,2.276651159116403,0.8501030434502113,1.0732182097296274,-0.8982865421004738,-1.646310934849834,0.5947893480895348,77.01678680940614
0.5445607128880628,-0.0006038642128782072,0.27299144999624275,2.0948830569212573,0.3522760615147056,0.9307110311279624,0.6959832531530021,0.1840002583124072,317.47676835400966
-0.24975605873344964,0.4724750287671066,-1.2847899105108342,1.774493982095641,2.5845062430462455,0.8872528327544614,0.8752493269470526,1.8114348959243436,449.7155192765792
-0.7342793618016477,0.5894679541218126,-0.349464191688261,-1.687982763107112,-0.6991834067363232,-0.2960569773159531,0.11638762352906123,0.8286469645991039,-182.15944365758074
-0.8344579478424471,0.22119903055834977,1.4934738763016437,0.2278515457347603,-0.7270832201152063,-0.7318894186068865,0.5920512272978882,-0.7185488077195806,-40.1490048284393
-0.1744518415567942,0.5277916379736344,0.07788678905787523,-0.4325096463244182,0.07558582377973866,-2.347476075630628,-0.6252487348010166,-2.083786060666021,-218.83355230789766
-1.2552408457172162,-0.6763460035465321,-0.6876797828468787,1.277207618113246,-0.6739217386160669,-0.23136336484534548,-0.9150677230545763,-0.34258683245954535,-230.94016593647387
-0.33550483968428196,-1.8660055465208056,1.2234223319806246,-2.015462323615145,-0.7800213132556132,-0.21331066983929578,0.22944797327348584,-1.7905617053544018,-326.67642176620774
0.30251678445222957,1.0160904439366123,-0.05360590007281178,-2.2997414353867036,-0.9327236822475474,-0.9718846412674377,-0.6020181886169413,-0.3298613971838471,-237.69840464408907
0.03545377082495741,1.238693196744222,0.46192047976663786,0.49713524999687864,-0.23671100509744566,0.11846309859214046,0.40338693794373837,-0.6002517121835425,162.14076685605025
-0.6196196751401749,0.2700251127360975,-1.094361106050187,1.089910766994613,0.6432464584251898,-1.9792550209984767,-0.05200047086164963,-0.3230725420494653,-92.00240174912767
-0.04921191097775835,-0.13579192266548062,-0.29443960874991276,0.9942837520638782,0.46416327731109563,-0.5898913657302403,0.5393119625748056,0.6413744030740753,99.25977525250931
1.4196099939816917,-1.7537760027359277,0.2958459298334798,1.0619678253295406,1.332474517245339,0.11435125284348652,2.0742001333472073,-0.7517038873937071,357.0562415557598
-0.07574965547876017,1.0926486969998839,0.2147876963087205,0.9159670200900591,0.25431254374479106,0.923729923183791,0.13973076797078482,-0.562452942458094,254.6343992250329
1.4904279945888566,0.35680247162344986,1.8605914716928267,1.000092228416802,0.995498088929045,0.08493779479006337,-0.5030288130764902,-1.1661312876980443,228.83726386567793
0.26062815207354356,-0.7568854274530937,0.5224040658848713,-0.05870012867914803,1.8294858425332972,0.5764318902588702,0.11759945408879754,1.4538909567516374,208.28534884873807
-0.0002107732142635337,-1.878674703255759,-0.1611515943228934,-0.3867370480156183,-0.5490954802248637,0.9800244974275868,-0.22093148422940334,0.7127771360734004,-181.89724554442392
0.6704650410149167,-1.310581063852194,0.2090044837973601,1.2400932619605902,-0.48579704251289724,-0.9465172040819619,-1.1560714897934021,-0.8964079576988291,-229.27927388911672
-1.5202885433695241,-0.1326569380015772,0.17786730838452425,1.0770461540087672,0.12239705719059002,-0.9105733980071643,-0.5185782997350392,0.6315735928749907,-126.62238511763985
-0.06500407797768526,0.999783799420981,0.21785307273316407,-1.186856741663045,0.9884205813692777,2.581024269782896,-1.2612968040868404,-0.858172973138764,127.4081963257181
-0.5957709001293479,-0.1559271373388373,-0.44948051405417033,-0.46514369739582623,-1.2670545576980385,1.2830069266419044,0.009248941810983978,-2.1579140354550455,-140.45142977611314
-0.31800971997365585,-1.960963889277253,-1.4540421710495623,1.9993685069235454,-0.3857890609544346,1.2748322846858426,0.20030405993142636,-0.1979603830979613,-48.15406228724004
-3.5343626507333905,0.7788331758396444,0.3643517063788631,-1.462652464190086,-0.35656996281491043,-0.9319824086815746,-1.282651465290867,-0.05108246195289626,-469.41865513070775
-0.8116577025947909,-0.1898722405042505,-0.4005614799196769,0.46884937452712167,1.0240699497118047,0.5431413747688653,0.33275553135626323,0.4613078107267097,74.18348624549617
1.8819800656657495,1.4486858701716754,0.6832151783472401,1.652200973505796,1.3386279962165477,-0.8091077587778485,-0.22488052330644323,-0.5908426779363158,417.8001403125958
0.29723717686958673,-0.29189960182340546,-1.3002218926939444,0.8705828064448922,-1.404228018334631,0.8686288816514304,0.740441755562933,1.1150777614795169,32.00582251162444
-0.00487337081643458,-0.41785312803757524,0.5499742137838507,0.4056929803680674,0.6620468774706088,1.3093981636829808,0.8298432066967989,2.4723518331121337,268.0173410315128
1.9450710490525986,-0.1288156626837566,-1.1732428534110093,-0.6214641157751615,-0.8794480185822436,0.20063984286702405,-0.6997665074135105,0.10618452843892182,-70.46455053183671
-0.6217409766997843,-0.854914296558754,0.20228826440265546,-0.6576871492223896,-0.08623155034137048,0.44650051661981904,-0.38693100865378255,0.09986796678171764,-164.87794763592277
-2.165121536339092,2.447126448783197,0.7474797335443917,0.9163273138870203,-0.29905988964515434,-1.8197237762580982,-0.8853592581034148,-0.029252286587791894,-134.17600086454453
-0.29100381187164553,0.5871302810908832,-1.0624631663284547,0.7777890550992578,-0.7724670092150707,-1.3000456895923767,1.412320733940169,1.47582485825459,68.47813777660215
-0.9306705038140283,-0.44371963722214935,-0.25489366330901875,-0.8534917281124005,-0.5523370736938268,-1.35109161324855,-0.8868016582397817,-0.07172585094291394,-389.209264632147
-0.6254125150530229,-0.19480482101743754,1.1154118467582137,-1.2539413583844585,-0.1567315657815609,-1.3573383770981036,0.18329942050018055,-1.0908652361037414,-181.6201824162801
0.2781905693428686,-0.4056885011200496,0.2069724644551991,-0.2995128263839757,-0.3409376299628359,-1.3803182917645516,0.6748228983296058,-0.1626312868007718,-43.484366675226795
-0.9971922570603714,0.048364172675999594,-0.03843849918051699,0.4506121564666308,0.5914638146193116,-0.3041799155339544,-0.6597882347907129,1.2398640973445065,-58.21683407192275
-0.3377363738234874,-0.6372468724301792,-0.19058025358038494,-0.28294834411198355,-0.22689318834689953,-1.235492068015628,-0.30841525036351697,-1.8241781232032959,-244.55352251180878
-0.950941778331392,-0.9785692548562601,1.025383999993288,-0.18675156585837854,-0.5603947593518702,2.4588158926018435,0.6967391132727226,-0.2190453483987309,-2.35086376023823
-0.9569482204751689,-0.7328607786936794,0.08946843317394697,1.0428654947950884,1.214579548164428,0.43482188574590186,1.8034540460454935,0.1443954730789157,230.87010506519084
-1.7356504894664675,-0.6839110662228496,-1.0750151517089526,-2.033788866477598,0.28335935555764363,0.6437243007854005,-0.8239970666372154,0.3691382081540702,-326.2226213907676
0.4574578622799409,-0.535800779192619,-0.9960373442553355,-0.2879008590709706,1.6329825153244777,0.6105791204570206,1.636529696277055,0.842839536728704,296.45776592526516
-0.23525226673620883,-0.23067471107464493,-0.9167307158021923,1.855745877677057,-0.14973878704264737,0.11497333701369965,0.7867085959799479,-0.44930765990681465,95.18575074884623
-1.353467553907091,0.004733099553851422,0.31205379190256133,-0.9426723566426546,1.9019281443998326,-0.3104500066067672,-2.823830566361389,-0.3451350852498921,-318.06913375822387
0.2602953209372093,1.8735341257442761,-0.08131899444003311,1.0007440366390212,0.7894715369263342,-0.27662957820261475,1.1052037911810448,0.5051503996202397,394.45606584507914
0.15757338559855874,1.215976238161004,1.3153670182978519,0.4567916019770794,-0.980173742072195,-2.3645374719724295,-0.4246865971442343,-0.2734013781474767,-77.49859807609212
1.5124637268884744,-0.40294916829110017,0.6546131240719634,1.2073766698700685,0.92437433162204,0.00298776371446436,0.5719882142951116,0.34981781582087873,309.93113277279934
0.17368358760280078,0.6113749175176206,0.5914745910665206,-1.2383973180727093,-0.9592474108550486,0.2423964448012924,-0.40573019450301184,1.0320888421601293,-100.46897472452505
0.09548438608491688,-0.7341051053891974,0.04317006440276628,-1.1093162293675225,0.6261982894081712,-0.21001463567603962,-0.8154935180540983,0.27257566134022126,-135.24119406030746
-0.20942144883519315,-0.37656125140600355,-0.6756163052453891,0.05786821733308242,-0.7935105244187336,-0.41741868149262684,-0.47777995056634087,-0.4123562913969714,-176.17385382043543
-0.35122492615378015,0.5051493176831193,-0.13536178105757252,1.2615188785262668,-0.744907170293121,-0.2990584289273747,0.8342370217146522,-0.4128336537253301,88.82424440832062
0.5799990229241501,-0.14713871037126497,-0.7773434360369221,0.8037480298053257,-0.983432210917267,1.2900169956846372,-0.2103099807222509,1.2004806571081916,51.47880533722317
0.5722132311895098,1.4219119203824493,1.6050705932461653,0.6749192553676965,-0.22452788419014758,0.2790602127200726,-0.8001311658804786,0.22516860329458313,149.48650607772893
0.3675696326917721,0.5085149019475138,0.7118526041513829,-1.823695548783922,-1.8138747984141408,0.5984648495425053,-1.5810772713620298,0.05413512235826608,-297.4100828095884
0.7848565993019057,0.534448207723997,-0.8301271569502884,0.4383133073481328,-0.42684409071304025,2.1819595671986947,0.7855519815381077,-0.36625252824305515,243.38849502350996
-0.02772065411089457,-0.5663982678910899,1.764544617342142,1.5110200228403334,0.6343401919630525,0.31966471879556674,-1.3038133921737092,0.5724796670589549,43.86040323616959
-0.3102001656509582,0.8608566088935388,1.0518882928134576,0.8594857570472199,1.296259928382315,-0.15819643363131422,-1.5144117392189311,0.08605044666677099,46.728516687827444
-1.6021125681659316,-0.9206802644170933,0.47607264430256335,-1.2242909086014553,0.08018081199182851,-0.10729469849563701,-0.8563666425850602,-0.2252950058827762,-358.26065301088755
-1.3471695137996542,1.2911689544681302,1.1431262683069234,-1.2895272852121058,-0.8421013734578677,-0.8923903859936185,-0.08113000770607164,-0.7593923412212362,-160.6159551582592
-0.6009427489043296,0.9249809390625576,0.4992733541469746,0.6675789088473779,-0.6688302820184063,-0.333007721227933,-1.1080097028736418,-0.5528906186634235,-112.15863593633155
0.41351633657829145,-0.5039966561975399,-0.7903527208612421,0.1393424626170868,-1.6628397732102072,-0.12908775539899173,0.4508492459917564,0.7822056867619741,-93.32646921073254
1.6415231690500742,0.5329134302916885,-1.3388736316718786,0.9337646471168046,2.150528875931878,-0.39191069086410624,0.2425444580355134,-1.8214430425349586,366.8949887459015
0.4101525858663587,-1.4530319926465471,-0.03047374155516004,1.4259555157465031,1.9570880963606176,0.935979386254477,-0.3491981584893324,1.3445633238708339,178.21680491088668
1.715954179978206,0.7723547482918188,0.827280913830204,-0.3501581222593058,-0.21789074112714593,0.3492568336696071,-0.5658584115434119,1.6190434785681862,159.58878685539992
-1.0372595705681613,-0.7329252511064056,1.666548686150886,0.9706947652129133,-1.0835939196212785,0.6475129635659583,-0.8266427814222693,-0.2583909671562113,-220.54299023308442
-0.7996830218270563,-1.549997042206294,-0.05241627642076754,0.3968654557358317,1.7401056725571107,1.252557733375089,-0.9905478358685921,0.5477663499208515,-79.27885177682946
0.44962781187529277,1.2062208546553745,-1.1640733165969932,0.5796573212634797,-0.7315855123485545,-0.9538516984635632,-0.3346991961335996,0.630680561817081,34.5362994540992
-0.7751130510999165,-0.37217967690558446,0.735818597778101,0.6789655180919576,1.0574481277154824,1.3517365590085395,-0.42746392873734823,-0.0294576461449048,115.3315512637947
1.5281846163899333,1.2746621663890276,-2.434089071173743,-0.4224965297610525,-0.4044376692128478,1.1738107694323652,0.5286196852150093,-0.1673625345801292,233.3468921464683
-0.06378460757914316,-1.0244115484548293,-0.821205901231504,-0.6928924821834436,-0.2079968540091632,-0.5264521872542335,-1.1645290354859141,-0.5561654806716592,-281.887828293987
-0.5570458357605556,0.9162465905327583,0.05545094101702772,0.7845880917141476,-2.5226446390784534,0.1546981659713635,-0.7849661422343263,1.1167845791815953,-180.61579243739237
-0.9402791142389414,-0.09098126603276784,0.19230769881891904,-0.1312756500924986,-1.0708925079948706,-0.8170802468288473,-0.8122085814317389,0.9541152077220648,-283.86736381682607
1.5646587394467506,0.2565322117419713,1.1272270227101435,0.9319464355860797,1.3903671142481562,1.0988223965558326,2.1267611470212784,-0.1178976492041429,630.7333926687711
1.5977103130321142,2.8669321964265286,2.023818686020718,0.06381744921241764,1.29689085257051,-0.3552233551943587,0.6206060261855689,1.5192201333198854,575.288713227416
-0.05545251689297547,-0.5943833392222766,-0.3579104105791048,0.6932879126500161,-1.509148122773844,-0.6403443942617568,-1.6226875536261816,0.6868219026215067,-360.5645134319633
-0.419217180114863,-0.3245204781704904,1.6105290774588317,-0.18448665086308047,0.763787667215593,-0.7932886211012936,-0.6496637083909916,1.430887573069171,-82.31949660715014
1.0935687367347269,-0.7407962251071991,0.13239216668982132,-0.22953397307440598,0.9047111570124868,0.40474910444894024,-0.48049762287611314,2.200314279801756,101.87042197775821
-0.22647291343556322,1.5222183100346844,-1.3200465920069957,-0.4067628079445855,-0.4725158859820868,0.26640105041630635,-0.5418978332375237,-0.28782921565907793,-10.978738868731512
-0.2399554145005004,0.2505978717481227,1.7729347469138628,-0.09643748855472024,-1.669868642630285,-1.1772609050027345,0.4680132726943831,0.08990645142118213,-123.34215615568667
0.5488868241342082,0.4496553930219073,0.9764784775887957,-0.6791055267182441,-0.2797399957633709,-1.3442005045710366,0.014949948378332821,-0.9060141392142446,-39.72516643944061
-0.4520455893716839,0.17855045601984496,0.056619017202030476,0.5253030103883075,-1.005574395590543,-0.14304209167330562,1.6507249286665977,-0.28900064889421817,88.87550903042988
-0.6311880274354429,-0.4942918840100943,0.6037057050774624,1.1633328880507425,0.01469276603953279,1.1925220588172059,-0.36607388062774804,-1.5578010306123904,-2.7937986811706406
0.3182844423562853,0.1424528947586419,-1.0083771109900908,-0.643740753700733,0.35656238099335574,0.3833436510841459,-1.0532292132714514,0.7197555380987147,-68.50941204244815
0.5170931001826867,1.5030153513259854,-0.687809505574782,1.0087679276371828,0.536539560863183,-1.1757590899838006,-0.8934618083621948,-1.947566720294131,91.43674770306919
1.5324606804437335,0.6681541278692484,-1.1421431465179108,-1.3994845681276695,1.8002487272716774,0.013631260512611794,1.4319504649485633,-0.5346912316045179,365.947650820188
1.7653623817942121,0.1445948748889267,1.385587714429469,1.1990030694899623,0.4337559466361349,-0.9630635330744203,-1.2215900562697872,-0.5256812671133998,107.5827123535151
0.025536595727803542,-3.060999347559476,1.2016876970423334,-0.3470209714684142,0.7627115385752974,0.6635187238130749,-1.4067204898079777,0.5381037014293726,-291.2838522159747
0.4475152865389648,0.8609050866593762,-0.3092420549362298,-0.41370931332796207,0.7316207602707565,2.0909982075512565,1.3595047712053412,0.29691702124062513,396.95943719867824
0.5992323584811089,0.6164742810442233,-1.5383068173575773,2.1518265296059793,0.9966550232784457,0.04121369678164785,0.46951540147489024,2.2928051521442017,335.57417440308143
-0.8939035837505938,-0.38581330411632664,0.2988619453149854,-0.5716841387456884,1.0272481464133043,0.6876297023295677,-1.4922960683130146,-0.32365617755592435,-134.32904683863518
-1.2871145950504221,-0.2233752309562754,0.9839776438125319,-0.1986033379432283,1.6344530845595597,-0.04211601913895684,-1.0162195759291888,0.4626908988380729,-85.5269257033787
1.4607761401439847,0.9057210257023129,-1.2068278905739114,-1.559423646374994,-0.5910451845786037,0.09856646033398327,-1.2118102009013823,1.4942744726425325,-94.56935664978045
0.3686366762907276,-0.4388963018426708,-1.0356708179710146,0.0460925917436763,-0.6391690964362368,1.351623610588921,-0.9517014288204376,2.176104253681646,-94.39545293211164
-0.820544982025989,1.730075634867441,-1.0912311516297017,0.3106537788038723,-0.9800296670409114,1.2930488410664753,0.5245594543184802,-0.9591179407288511,63.35356211905401
-2.0351752005874895,-0.11473675083207202,1.4715820247408729,0.18719661435982965,0.30710019812780603,-0.8118698722100477,-0.4894493571675877,0.21510198995978053,-178.54020365566643
1.2701995985176524,0.2277902276743885,-1.0417818103004415,-0.4714274108993761,-0.09818489085672066,-1.102909036390719,0.9928366762596114,0.028840744176601808,91.89773442503132
0.23577536619098177,-1.8559849557239565,-0.2142612882115094,0.02106979791164763,0.45443615844795515,0.5262740110157245,0.48774151311818426,0.8388797562778151,-38.959821860487196
-1.2788134018876496,-0.015456112466140391,1.6826808210189261,-0.8633020561137096,-1.4021708735476255,1.1165334536518716,-0.8523533862165185,-1.2537217533939151,-248.05177361742534
1.1665949329711038,-0.016467111655172978,-0.4732741241549058,0.4853950916584913,-0.05400409714423634,-1.362174419812087,-1.5772637583138152,-0.2640850547671388,-146.409008454444
-1.3911309671336365,-0.13477472904706195,1.1205559694788856,-0.1332619701230704,-0.2770204583926001,0.13813702216233142,-0.0386196599170919,-1.0926780745383387,-108.65933714031516
0.7960676593917589,0.9148064738685938,-0.5991250598184572,-0.7214794518310299,-0.4486639003973709,-1.0783461298200185,0.7953671487732719,0.046763585418934224,58.984247002749875
0.3193653016976439,-0.866618087277614,-0.7607421055751907,0.4122383496896158,-1.2760073829942462,2.248110906808451,-0.5482214379624629,0.019230267189244834,-76.72902016826012
1.3732192431646493,0.29226663397829145,1.8117480713983725,1.1033834374110838,0.3707977902250722,0.5242061179838287,-0.06840525003694646,-1.2170763822641173,305.0344859205363
-0.9375215756452644,-0.9364945526186694,-0.5657077557598816,0.06511830628658827,0.8201783570115229,-2.1862500216004386,2.637327885016121,0.2082633732278019,42.986668984619605
0.28893726898197736,-0.12602317609750655,0.38363196945672806,0.7864257821784302,0.2437674335970851,1.4035549970883712,-0.5973412369513473,0.9269064960691682,147.22232589293756
-0.4946401391662722,-0.5153728184247074,-1.9277968710841866,-1.9679502947241576,0.7748648224382847,0.4756953947547792,-0.15806741055929371,-0.40442315871156703,-177.58763793287096
0.8295878065630564,-0.35427176814309874,0.9246313692872584,-0.11210086185989925,-0.5300282561400573,0.1701024513609851,0.4725104177653002,-0.11443543381178327,45.993608500724804
0.9042064930217119,-0.6168626730099094,-1.987326561302595,-1.2189526409964098,-0.9049506459850875,0.8240412630305426,0.9423766138089834,1.0002758166200074,-14.546637540320194
-0.6467983983432236,0.5596545540258343,0.3804781785640025,0.06332832787263448,2.515275459598124,0.31196608847850116,1.5007328505365642,-0.49502066718749876,377.4127647309153
0.53264077248617,0.8407234167772537,1.833103784536193,0.685347320783825,0.8507113648122386,-0.4237960610932943,0.3542800457782677,0.6210370756749998,294.8533986292549
0.4388557364310524,-0.6441137569142985,-0.4661400751028481,-1.167828468160945,-1.410520340912291,0.8315373245453116,-1.0944117965720455,-1.05969650915707,-265.0894719450527
1.1162914496709748,-2.3486449479838516,1.660233363253701,-0.5661951135594767,0.315714604175759,-0.47612135488223295,-0.9292389780548472,1.2898663175866811,-179.9939999913872
0.32816523901178907,0.7870195752513793,0.022631042976273965,-2.4312697359547464,-0.61022387443165,0.2206053337663712,1.9213563629069499,-0.6142190532577025,82.8385904979105
0.3053227679308691,0.17996089964429277,-0.5294740356562413,-1.0599955020522136,-0.07821661798717663,-0.5360678899802525,0.3152713850416492,0.3439321605853937,-61.70493096555123
-1.4143584394832491,1.1367705967368649,1.7402525062100334,-0.844196545929105,-1.5191380097500942,-0.14204557149777,-1.0708266856254725,0.3273786177484919,-242.10327401359524
1.1536514640795927,0.1456706490029344,-0.9120126333943492,-2.664344014616411,0.2751654006786611,0.40521055321064764,-0.4397590987367285,-0.76274706106026,-87.49644780082298
1.0216230166210638,-0.24015339780477765,-0.33315881468344377,-1.0959784624018305,0.04077101704925009,-1.1320514569472333,-0.47643554961070345,0.7081900346413769,-122.96743034999062
1.464260290965293,-0.36472958572409864,0.3514546771715494,-3.2366591902229156,1.7699972001635877,1.3834691310017209,0.26185046142589397,-0.7512413166021243,156.94608549276114
1.35837918267838,-1.3652901391786652,0.5885731179423698,-0.24995644927855645,-0.14838418814789844,-2.2506977931390155,0.5139254920255693,-0.11533175565167109,-118.2965082709395
0.8743505036700134,-0.2877761801767101,0.5844731269283275,-0.8525579210528336,0.5501231086983228,0.7612217528411708,1.1456103983381327,-1.0570459384041901,214.67111142448994
-0.026008372500420984,-1.2858734492968795,-0.3524639487958346,-0.980745118611142,0.05279673398558393,-0.17721922336566334,1.1495371459623849,-0.19383350407647698,-66.63198460712064
1.6104853119952116,0.36682964607970936,-0.725637004070397,-0.5836921384741769,0.20030116450946484,-1.0921645259195236,-0.10500390908423483,0.3186597494758997,62.94531110457845
-0.5393111807840414,-0.9622174305142153,0.2592372503246072,-1.2296469427192538,0.8138107845241888,0.17281611223955873,-1.9323969719139795,0.17468481104577144,-289.1318539230728
1.719427726840478,-0.1994689494880483,-0.5018800658515481,1.8216411665865715,-1.2655412212782524,-0.5056087926854499,-0.2850874967105985,0.7043878542235484,66.89434933495346
0.26657510484433405,0.6742957650827343,-0.7665120953371463,0.48714334240396734,-0.05087141178909274,0.7434845279864661,-2.055437715140106,1.3335327560384853,-99.43359751759832
-1.4271747602971605,1.020969250803473,0.7646961050444676,0.7238732351994656,-0.32341162364400444,-0.6150585442022168,0.15434498642756528,-0.49586192861413836,-39.267970291425435
0.3915456935025806,-0.8644899915857458,-0.4719266521335214,-1.4431216570009382,2.2599469866262614,-0.34211702342686306,0.8690393292538257,0.3743703497375756,107.55268064554772
-1.3254427102541892,-0.06994042373757281,-0.9910545896762349,0.2795560891575299,-0.14099207620281895,-0.3113028822158336,-1.328609636759405,-0.8687999911838669,-343.05257193028615
-0.2857067861689834,0.9013623362429011,-1.2124988431217425,0.4288200800471423,0.12190849999061779,-0.37407837262512705,0.9560148706179732,-0.3812597001583619,126.60736227462824
0.31209519045403383,0.2662663546396309,-1.1970105005327663,0.8949703736441701,0.7008753841326324,0.8311972447460121,2.004588763675432,-0.5820205154782885,339.0769534735573
2.3259217998304442,0.6328696278824193,-0.2459241804058396,0.3630778781446181,1.546313397993585,1.1965502703408024,-0.648049301564568,-0.10526402809492565,355.5529291647451
-0.018769035397183494,-0.10977354453425078,-1.554836535563601,-1.326081490287585,0.6872809129371888,0.4884320072081224,0.05622772980653929,0.21880227630720384,-81.50980610531825
1.3601430767776248,1.0133215213991131,-0.20854945826745383,0.9683633560921335,-0.6860975907221336,0.5567461590612433,-0.03957149875645231,-0.5505288584739948,171.40234433025952
0.004017402981851123,0.20317024722024057,1.1679247747341075,0.4813263496845307,1.2734834106772914,-0.7880541336243395,-1.1060338679620516,-0.8245076833777762,28.27814256237
-0.32096894660880154,-0.1015748089937855,-0.8063728778842694,-1.4020661396278482,0.27478112659737886,-2.2511966793975944,-0.2498000084032012,0.7458046671423545,-270.34556533396454
-2.398677603559609,-0.24298692719860235,-0.2311072028650509,-0.04331331300379496,1.1073324363379835,-0.2801299239439952,-1.028713752312056,-0.29216206822851404,-220.91215042778617
-1.4047939613873022,1.095203155734874,-0.11002075499616812,-0.8995798536547417,-0.2997816560435818,1.516146048134426,-0.42559698400047524,0.1901077885367135,-36.203124323090336
1.8266784543733101,-0.3199734041617798,0.3337705994698773,-0.021949323406519426,0.236797910053797,-1.5451489695411702,-0.27024384715934635,0.33229542172901594,42.90623944298919
0.829074121048818,-1.522540876924472,0.26614671736595674,-0.6112104972182195,1.0614790632875106,0.62953702872455,0.8112883778244216,-1.4816042793448132,125.38307845161395
-0.14208021187954684,-0.762228777063014,-0.6718510611458011,-0.5305222928842442,-1.7406196612280875,-0.3788183911799009,0.49488097243756296,0.6913565002830215,-241.31381960447908
-0.5262319833275513,0.926106437046501,0.5738182200525775,-2.20903828263944,1.4656944217183128,-0.5506130201918132,0.5718370021303971,-0.5430233338074102,88.02898775916289
1.2024020233451278,1.9337865227243023,0.569515186296317,-0.4342876481816465,-0.18337435827972248,1.5025633770496443,-0.1842781797037632,-0.6392399328050723,270.44615807511263
1.2276415834486591,-0.6343308286655925,-0.34297180184429954,-0.49020444943335956,-1.697762164633631,-0.4531407160042132,-0.35034926992269005,0.5973111884868668,-180.21080086936178
0.783575552467701,-0.4996961463814848,0.9459977323889419,0.8329603952632176,-0.10025723557640827,0.8903442592970144,1.3135741994585892,0.7293820604068807,284.18571252542597
-1.223067482329826,0.9089587127943434,0.6145448578356549,-0.6038398807519855,0.34456348920899416,1.8148886732243152,-0.06312265928634328,-0.6512904319627157,40.011130152074585
-1.4236285471859427,0.6598809554570503,0.003066718475683577,0.4448388393966504,0.38978077019043034,-0.15099557034677696,0.2740150707651658,0.44745837094130847,-30.02734745662694
0.9802781137435145,-0.8599079538909624,0.03857021675739787,-0.6354043558078355,0.7469336775861629,-0.7441354301914073,-1.229302459903709,-0.4198403418370983,-114.70889755485663
-0.47596641554514524,-0.2958683509358236,0.1214689314069994,-0.18298592018886206,-0.5204516963053796,1.1954764718402513,1.126926495929943,0.480535589649007,45.848611389271795
0.7060579838314202,0.6129500753739002,-1.0724500555040533,0.34787536696547333,1.252151294213579,0.4250376943113369,1.6643042319753616,1.4101060145605153,392.0352044554597
0.3532443077715486,-2.1685070324768483,-1.1800841507479862,-1.4825910908424875,1.7439443615302932,1.2664839824760286,0.03715025536665305,-0.41804320786776006,-45.889455443528085
1.3956658455806965,-0.04327831671702139,-0.5472102821120715,-1.0394379885078944,0.708220745508047,-0.549451061801124,0.17156630651322724,-1.7465291240733047,50.75352764946276
-1.7255408986683778,0.6789313692998338,-0.27770093141115804,-2.107788295882575,-2.615081799896602,-1.2541809474226957,-0.9423410660991002,0.06922011374532035,-590.0891971574567
0.5961434139585815,-0.8906258834196642,-1.9094537226373323,0.08245429626000028,-0.8582140350465296,-0.018378178415478813,-0.1435631040713399,1.2758591868121927,-146.44059716934498
0.5890444233735049,-0.10870923386241436,0.7606987944394349,1.561677776767665,0.6597471095468185,0.49760956705152015,0.37094566460446016,-0.09098534466153389,273.491451620661
0.2751931665819024,0.33557329560981103,-0.8705539663204463,-0.33884401295006605,0.2765048286290832,0.465324708679147,0.334861225606449,1.9950843548856674,58.75820002621727
0.2634120633051959,-0.15971047851293754,-0.7985359103104761,-0.10477888345262737,1.3833694798086145,0.46404552225899315,1.0272478795156232,0.15126095777057424,234.26330832128653
-0.5906171121840053,0.1970356248953789,0.5484788218311865,1.265392116797937,-0.19729955312761052,0.3297690345918167,-1.1500252543726432,1.6384280680457146,-28.21137643300506
0.013951291254571974,-0.7478748731173038,2.3922572318630047,0.6371030605703542,0.7468836307443942,-1.0844526159882832,0.15461753541554846,1.1054307455339332,85.25020837481131
-1.0506852783658402,0.03351565309755512,-0.34949397361129825,-0.6135709012126385,0.27905581778258476,0.42564294889435844,0.10434587190978026,-1.0686809162051703,-101.46424407566634
-0.07933828344436114,-0.5192135360324915,0.32121873376515037,-0.0751497460653839,-2.0533814823539016,-0.41967359101804097,-1.4857600441006815,-0.2331607569502805,-366.2882720465251
1.5159440777186992,-0.16197106519161386,0.9671493125784055,-1.2428729977399657,-0.06586067566950782,-1.74935598715276,0.18898440587090878,0.476269572755363,-30.87749784089521
-0.374672575087563,-0.5670171530062718,-1.2979770822662027,0.6478878950043888,-0.4035822152105283,-0.7224482417405619,0.6425907635935976,-0.9543697509763458,-99.93128576593985
0.8582394608861655,-0.05069730484086754,0.20102881865506952,-3.0698857180072276,0.15165479489271155,0.5490970644117797,-0.28979908516059505,-0.3226184987112089,-94.31454833202496
-0.0772979060495107,-1.4924902973987357,0.06220343180430579,-1.2562385316494225,-0.45552352101642707,-0.5159602547587198,-1.3284425782604101,-0.8901676388336588,-416.0615795733327
0.3408806897811934,-0.058757317595532446,-0.7737478467983153,0.29470115843202976,0.6436121147216459,-0.38885423172474176,0.6843149764745574,-1.2134531149834207,66.64917082682965
1.8968375800678128,-0.1189558721111861,-0.7125277472709696,0.8987091496440474,0.6611542144005746,0.14516133127825984,1.2796454343432246,-0.49822407906356514,384.60519239331745
0.041789799173244574,0.048770154115636635,-1.7687369612236297,0.46505059254194153,0.31101078963391965,-0.15158510989494492,0.07314359381293514,-1.0325349383413915,-11.029597261293489
0.2474751359759227,0.3627329150277727,0.0787153453191153,0.7018076902256855,-0.2350772144110872,-0.8303710108872269,-0.34800706309650786,0.01450681527000138,-24.173189871187265
0.6593453397244009,-0.3285785394467462,0.4132568873921707,2.43312553050355,-0.4895600511611604,0.1843886159031826,0.021808475583132807,0.4304938229725048,162.8392762987637
-1.588248456390394,0.32974984812772645,-0.6025106149433088,0.25797283504285784,1.8377943921981248,1.6795194076013296,0.008425599966532707,-0.1738235830168134,103.25775399634571
0.7288950974190627,0.5489148395738358,-0.1456527579216347,1.8483877353073321,1.0496896433714058,0.8115892002095456,0.09123183983546741,-0.9703189385919071,294.0898876094232
0.3971552230026049,-0.6145730460684639,0.9974836800641752,0.4618985355689012,-0.8134588195190333,1.1518390082954049,-0.49132478817213476,-1.4569957853613813,-60.514310609818864
0.8031388036181393,-1.3530598452264186,-0.15081567711932278,-0.7883691914367696,-0.8269448943107374,0.5837226193737111,-1.2836274459923875,0.7599121814946965,-264.691657085759
2.160406096340893,-0.9007665329988863,0.24882706997146803,-0.06514556454486824,1.783736948611229,0.021836990927703824,-0.21874414783380366,-1.4670224964418994,218.27914181344184
-2.2410583175383207,-0.9504581439938079,-1.2201588021166812,0.4841928091661668,-0.8939157681601456,-0.5953356274790709,1.0872306040716955,0.47308637894513356,-231.80453015616348
0.3331445254713956,-0.7020998906632188,-0.4423955286795129,0.9240694362176927,-0.21656898884614076,0.4422886020634772,-0.4522647981221371,0.19079544260078504,-49.858980827366295
1.3408923802099335,0.5647813480504852,1.4824066013387642,0.19272467827573558,-2.1560906850181984,0.3308359283724529,-0.38627232295722447,2.5781924987962164,81.51624558840923
-0.7101440330481803,-0.5459871966681831,-1.442349049935644,0.34846496748052663,-1.0210562066816822,-0.31102531152204776,2.0359761725650096,1.3295392087405684,-33.08544111655236
0.9646344246763616,1.2687491537814257,0.34968014030838335,1.148257661550535,1.5594487346774215,-0.4559498412073053,-0.8108930663849025,-1.7088514587676649,249.67111404658095
0.9746826463345589,-1.5065931918104707,-0.5830903225796256,0.33651431514064817,-0.3082202338855172,-2.352747114598325,-0.21198652153277778,0.5740433736953903,-230.98461819119757
-0.19624371241433605,0.5585108322732503,-0.5662922838340099,0.8462385862532003,-1.4519710904031942,-0.8341973014209131,-1.3769770513525574,1.375497564678256,-212.36086713547368
1.9043063743419724,0.566444879908375,-0.9703658889653449,-0.28010706448125594,-0.37111485120238485,-0.7115842163038688,0.7645405872093832,0.33793020842403404,174.50937493838018
0.4970438719598312,0.09075190733812104,0.9976262430738032,-0.6664657592857269,-2.8820561950301995,-0.8042467065733278,0.5939907530131305,-0.016899542360944025,-173.5173469686836
-0.3554969583106829,-0.4932113427379818,0.2825643508809851,-0.7139651435409659,-0.3298958488908798,-0.9637840881871256,-0.25691111570468755,-0.09445815913497667,-214.12598653866365
-1.8322981973059131,0.6301611923524851,1.4666171052132981,-0.8374879565702975,0.8467824037989004,0.1903508303687623,0.25264467301972743,0.3258027815295794,40.188049791638626
0.06282624207878389,-0.7422249238505477,-1.152490930506024,1.0048988949833968,0.16394393776970945,-1.2233906601828888,2.2321718557907797,-0.4250180880509473,136.17331305709166
-0.019006668794167018,-2.0451825296913135,-1.1663274871400955,-0.6401378759155529,0.20178158237294325,-1.438787793838725,1.0229803053184554,0.6070845445869183,-168.68387511458553
0.07949672056999453,-0.6547918670799658,0.22947976054597788,0.5234215590696311,0.6266291978304716,-0.48617722506569383,1.0053483801272336,-0.7866055231886101,97.24229065949109
0.44643843465695426,-0.8014291608746327,-0.2528593336403791,-0.9945271890860996,0.7631538879146781,-0.09428592765330078,-0.11282196567001293,-1.4892472374879342,-62.35317926376509
-0.36944386356623654,-1.6226004895978416,0.15785984642178982,1.7067134250488898,0.9768118175205315,-1.2795400499254823,-0.49930069187904164,0.3467206653436714,-108.23999256595181
-1.6302103787349593,0.3269894503944037,-0.345231384820932,-0.06627317851261973,-0.7862279460375676,0.23869044492588415,0.10215290426396088,-0.6445406817916511,-143.05889489333111
-1.0523188516122999,-1.8784900237404571,1.4403929798623765,-0.47394565578808867,2.093343175918101,-0.2129889703549675,0.11772653518113375,-0.09295046085175068,-55.388175639058865
0.26965395863260616,0.38417148639797816,1.903017506183497,-0.7337136056824917,-0.9814092354433717,-2.3050939301496918,0.24614680252142493,0.5662638183671476,-94.9863109519475
1.1046769674175985,-1.244186058927727,-1.1129881947559284,0.053871294435085024,-0.4599705063605419,1.689564340414365,0.39557336844182456,-0.4663905201915661,52.34828384812799
1.0794150544389902,-0.3632004359798347,-0.31295306997907457,0.018631802656432984,-0.18099297835984826,0.24543297929772923,-0.19325139422242782,1.291760975663002,46.60825755765766
-0.3497672758798149,-0.2072368228643718,-0.2527867710475601,1.446157341690069,0.2756276181915848,0.8728628678921959,0.6885194141227217,0.11754168831218464,180.7395436222502
0.9598840054838751,0.5854249553133613,0.5299065936753236,-0.24914808983936035,0.7006450692234226,-0.2390194594276693,0.11722232454395172,-0.8834438379956774,199.5541630126895
0.24963679265285962,-0.25202840198316107,0.17195307228158996,0.44453634578492274,0.7011115891514773,0.40333234352736297,0.1782764080292595,1.2135480640768748,136.51520522207818
0.6114673883716677,-0.8265144604190453,-0.8620087190496211,0.2857941426086972,1.1330799496438344,-0.9360320709657841,0.6539481716099942,0.7811748725853401,84.94609932473043
0.08381057511775557,0.16192528749165006,0.026487748328090786,-0.5444596012279455,-1.0873724682195882,-0.7692634090359911,-0.11723016875014869,0.08498148047113342,-149.47957988367216
0.7241285488692073,0.6631876789357302,1.8623513167087575,1.2896536158166327,-0.13605588959114653,0.8242500824058405,0.5544674096890473,2.7817321431176234,338.34284087610985
-0.561346673535405,-0.1573075367902878,0.23736963751537563,0.4790679903812687,-0.5517695186063827,0.4596128264042878,-1.157993599137572,0.004834922986339248,-169.62265463463342
1.3373200279375046,0.13891007496547333,0.4339094463393806,-0.7040771762567811,-0.06000144301868187,-1.4317041146192901,0.7876853416130717,-1.6182690091954535,66.63253583325043
1.2487560870047436,-0.843594493910444,-0.06524324281498517,0.5800172110446679,0.7158825757527301,-0.799753165934634,2.1622457920052467,-2.0997404328129807,251.78671010836985
-2.002073582219145,0.02465150945070812,-0.2948950329444886,-0.9313336348354752,0.4780260945270567,0.9892598465348168,-1.63992268217554,0.052178384394778954,-310.9331609446387
-1.0672453145623928,-1.0451640293952655,-0.2494845009310909,-0.3358428718030399,-1.2819581823068567,1.5996324299303215,-1.8412221298950011,-1.2982087106784403,-408.4413178282451
-0.9735686312668592,-1.2765561029280492,1.5172352922492671,-0.4978630498683113,0.9895170018823253,-0.7709268047759518,-0.5655006383272865,0.885289358767054,-166.398633954042
1.0898670081921786,-1.0267117801416084,-1.0041940051613967,-0.32594696175738924,-0.1276236977410553,-1.122079329171552,0.7736708334848844,-1.845554955324406,-72.28940577126528
-1.5636510902257252,-0.34809464998549866,0.550059778331618,-0.5737179098533626,1.304848523306905,0.687332974581427,0.2593962673939088,-0.19586827413825547,26.491308851402266
-0.2366490849578193,0.3872927579534375,-0.32155617253733226,0.4065883551205349,0.7462428618146152,0.2525477553357906,2.228968013822187,0.35596745869733004,334.5130626752037
-0.023490333231899457,-0.49745538073589585,-0.9084307394233234,-0.6549537906614544,-1.610860329981148,0.04814989056893729,2.0970565470651543,-1.1158820469106105,-29.46667220349188
-0.3167959819524903,-1.201221956354322,-0.1982423996524541,-1.4039904962715948,-0.17956763257653835,0.5464042691360168,-0.7103325285042177,1.0270085090201697,-252.08596380377594
0.9774330626768533,-0.006604229690532927,-0.5897434476436784,0.5622678004944971,0.12014450818718125,0.1188338842190428,0.9463832248254878,-2.410157340084968,151.61082856358067
-1.1402684627364128,-0.7909664668543149,0.15651817827969347,-0.05740237255926049,0.9679010689367615,0.5991393565146301,-0.20195784080141924,0.07842011694753413,-40.57590813736418
0.9083622883332554,-1.0146605827661803,-0.5440520189474282,0.26642326233835745,0.20995827855491514,-1.3647676171402032,-0.45435719683133463,0.2872912006569475,-108.49630630845334
-1.4300962851657568,0.17330148217229138,0.2796721208060934,-2.0547049284448375,-0.7161677183055639,-0.42570017553331535,0.4343458073335825,-0.4557897883716259,-264.2025625448572
-0.15894286387439727,1.0607892588581969,-0.08138991616065429,0.054306584703973516,0.17054432535831332,2.1864181218423644,-0.5878930624290016,-1.3631173736568023,149.14382650667224
0.6002937745736792,-0.721117639274743,-1.746717250754496,0.40063938344050104,-1.6297708018948627,-0.4520519277345926,1.6857468292727653,0.7927782194294997,-1.0553087368677083
-1.984304681757273,0.5757570260502005,-0.3399724623962317,1.1341240778230877,-1.1017121140630277,-1.467822214307094,-1.38842731257469,-1.7734291304286762,-361.36878501262686
-0.5127186930693461,0.042345452686336264,0.6707173175635864,-0.20974843808963756,0.7280984539624431,0.7427351789515416,0.32385219438351925,0.2731072784595652,74.29142062359104
0.8275754427105968,-0.3468360403380229,-0.01937484297636499,-0.8356850793894097,0.7721208453165388,0.4934073915881031,-0.26194042740245377,-0.971458218675434,27.316108328317135
-1.3961167680107363,1.215562770900413,-0.7825740852496176,-0.6359665174679238,0.5870131583589443,0.14701594267983115,-0.3695617011381997,0.4676304956702628,-69.84394756436967
-1.563191921791816,0.805050512083612,-0.8887157439924556,-0.13244392140115915,-0.9981022214768046,-1.4338334187894195,0.48457816830985323,-1.0223504709005298,-219.13412259315706
1.7082757742337213,-1.3387368948427942,0.6962672705197109,1.8839648836068903,0.13759529691807015,-1.8402052499932058,0.3312454829633417,-0.28637234212962936,73.6009379678974
-1.2573056694412694,0.862986249609946,-1.4193087252161574,0.2596027677452491,0.8899307194341972,0.6301808989694008,0.24737126887533026,-0.5420038037827855,50.10395315504988
-0.4109204222917223,0.6463712836645438,-0.5073739688389253,0.8449231143384001,0.3051372957692629,-0.3297027446919785,-0.4038954485401081,0.021466390736198514,2.305933221575664
-0.11615303550843345,1.5275612429701282,0.13022821396877154,0.11450876998540856,0.6663632965830754,0.8076215358081046,-1.4269299933245176,0.7366905744372167,70.88457060543966
0.9064059480240046,1.5591849239261886,-1.4951117100973792,-1.4961714114537383,-0.9378675790261938,0.14886434738802606,0.7229618303312484,-0.3842598192307409,84.95470035236808
0.3950406938461205,-0.6391011060214395,0.12561232781212953,1.1192007494341862,0.33586201703250534,-1.564428043467021,0.8958673847703862,0.8405179857856706,103.89005808587976
-0.9433484155595007,-0.03371889314713371,1.8197907166904033,1.193720445641186,-0.4344135287111752,-0.39833039868865383,-0.7115749160759223,-0.7361650883384212,-105.07327814475791
-0.3240875078707893,1.550669656823349,-0.577961965579432,-2.38622776912896,1.6001515183963997,1.5224099364971158,-1.0389707013124254,-2.092002455349958,40.774565599123925
-0.34976957514951573,-1.6607607107045474,-1.190260287454112,-0.11882293716591863,-1.7725570870887792,0.21922517367165853,0.3539390651701448,-0.4567485922954777,-272.4432207930306
0.13686046950054997,1.732044390198625,0.4287061035432768,1.3522913417149482,0.023195854144988853,0.471683545163339,-0.5845234859031753,-0.3905025993746315,201.16153078781437
-1.3653526213738587,1.1318651626318728,-0.8099123014748566,-0.5999215452308412,-1.0616467191957517,1.4552947443139772,1.224865403905683,0.882814523450858,36.42939861380822
0.20331016564179408,-1.2852761580019418,-0.7381089756248984,0.6402881886851703,0.4084882453546659,0.863426696038605,0.6404761210837403,0.5268056371278298,82.42615700421149
0.267063219268448,-0.09085416530024479,2.1335726081258652,-0.1713644710294821,0.8994117769889811,-0.7394984196925362,-0.10508012548875005,0.016061260994404112,84.14353693895337
0.3897590800880944,2.8038525753062378,0.44866642453254524,-0.04127121533624554,-0.37229860536867704,-0.19299701543249437,-0.5355575639962472,-0.9755495286440702,140.7947017157107
-0.6048298673445126,0.6560748756599242,-0.6718650807012773,-0.5095433889512729,-2.8294243967822528,-2.4602687122084688,-0.8694858225310931,-0.9279118644642076,-498.70192453581586
1.206282194115847,-1.5562876468486921,1.7143802468690919,0.9805569848379664,-0.19385631695423103,1.091938802244823,0.6972941097795758,0.7587252005544856,209.08562545881207
0.13707408218359776,-1.4401933706155148,1.6314663639204177,-0.2634155661891442,1.1821238499953564,0.2821238120307367,0.6058303508336932,-0.1259392767278535,131.0007925404379
0.5101849978924305,0.3271027395970881,0.002227396001374532,-0.15357702157875786,0.06782397574341738,1.0115801821006498,0.6385404313152091,0.07497788229043621,172.0321574540728
-0.28341484260706995,-0.8026046207447681,0.42073552630269107,0.46001418077715595,-1.4893219495370296,-0.9700974362774548,1.3303112881887633,0.30686465563666326,-117.24089303962852
-0.9519197584596651,1.0157406986040263,-0.5841074686030693,-0.14250518698737455,-2.351123904976293,0.9306261654801375,-1.6787329274924976,-1.343050286128022,-344.5634440613868
-0.43167649988903567,1.2683999921446383,-0.0948744341055645,1.2131820456826015,-0.5334156318694024,-1.705123151797764,0.5343538994151193,-0.12778849195858638,60.027013631124916
-0.3230714939486592,0.5922299615312304,-0.451324416104726,-0.1255172702932308,1.0787746939735972,-0.5405143627623007,0.20359274698465674,1.136252902104997,106.97552016757315
-1.2765049685530705,-0.3806526663338754,0.9527592635806572,1.0197193067347032,0.5430573266703453,1.1296854005919406,-1.3108687632866685,2.4701430441428966,-42.18310314171838
0.897712095254229,0.2678294788458213,0.14942769629865837,-0.8753257363647392,-0.660029751956184,0.7786342095788252,-0.5279538368441216,-1.6470903445005867,-18.346769666094872
-1.2220140298318365,-0.3861319587324762,1.855695139153313,0.34324784122471064,1.1157647327279523,0.7470983914042929,-0.8075769010494814,0.5463022628008702,9.893325293631605
1.0879580890328389,0.575836920442942,-0.9398724370233483,-0.9343620327794826,-0.7909465372117865,-0.22883608879763065,-0.06731699075495688,-0.27502627431940635,2.405263703158589
0.6804036980099104,-1.2826125460266162,1.344752150103011,0.052339207588451536,0.4628555499469653,-1.4259051325118652,-0.9201221830155433,-0.9430738877047139,-136.4272081357683
2.9293744937190036,-0.40627961160009995,0.44739991969353077,1.136893454722993,0.14568833521670352,0.265512293643578,0.35550981549804694,-0.021885620102304933,355.7835187472044
0.5235140286477851,2.481148160277835,-0.7837201464788824,-1.0040909388898431,0.025661154385091818,-0.07171985624457104,-0.8636390429709758,-0.5584127814887224,49.439801152400726
-1.148183302126581,0.44261492459391544,0.4359575867842476,-0.1259516838426025,-0.99515692477041,-1.1029376451170094,1.5012132343723468,-0.7589419493540246,-70.13668967638492
-0.1314100496126187,-0.8300494780706381,1.3122617634995941,0.8489166370272815,0.6832287197221967,0.9935428899461082,-0.4199349315902965,-1.5303986938793361,73.41752456753873
0.8616035304845093,1.9843652289674931,-0.3015715140318643,0.589109146746209,-0.3276553425340918,1.3733701210716,0.45839348044505174,0.9880131924312816,319.228352962646
0.8946131074533024,2.5108113831037593,-1.4133466221230166,0.6580208710366936,1.0702320445929348,-0.18381012037908717,-0.6659603217218306,0.47512118013800825,296.9964284584077
0.12820701229877918,-1.1100266186124426,0.2872255768898826,0.17961960039727468,1.9677644257582758,0.4898995773742316,1.814805198204709,-1.1531753643829525,284.81263465068776
0.4060416020771875,0.35816237539597695,0.0029576989963710615,-1.2364962591379558,1.9924490104941486,0.4925678440386173,0.07603758807420849,0.008424960349894504,186.46751225920866
0.8985229335047742,-1.1463492471333463,-0.5876855141490779,0.39281402824595885,1.2378275678743826,-0.3496293053730636,0.9816778261340425,-1.408376437826828,155.87711349481347
-0.45410970282536295,-1.498006221207753,-0.29550353186796824,-0.17787660529489577,0.5046627660559646,-2.1066610260480503,-0.7482055824636592,0.8102779674733912,-339.1099861358712
-0.4651829625029523,-0.9467560741740674,-0.774448112995902,0.7237626387608279,-0.07475150941847322,0.06560913890400549,-1.20999430428099,-0.30706871622114523,-195.04517378536673
1.4042806383374433,-0.21094385131235746,-1.6392902322495573,-0.44314360221069693,-0.8919601080324797,0.7443673425693271,0.33737869092095085,-1.7567091192905524,-21.52144755009175
-2.6963572168881775,-0.3202364465492211,0.20459023344295924,-1.3102984071245358,0.4672391444889223,-1.6222420797115384,-1.7572345900665247,0.05227573259228724,-542.8544391673603
0.736238161686399,1.6518735961686868,-0.47010539213648006,-1.0841633767953502,1.1991759375377364,0.7163521519072168,-0.49733605894533134,0.36760784285340775,214.4239743150556
-0.90899185074808,0.11718119407402937,1.2107497311035904,-0.31615014675927317,-0.5335490219578246,0.6897025105995065,0.7390856286306948,-1.962546789504072,26.279902586754346
-0.5335444238878527,1.6330226325846362,-0.9725943426815993,1.5785320154960505,1.076930187727614,-0.5245919643786691,1.2696865093865362,-1.9012659977901443,333.0782543453464
3.0073349901514304,0.41050060881826456,-0.8777951057588738,2.5794559333830747,-0.5790671118669444,-1.9612678704052984,1.1882059329985248,-0.16104479998844662,345.32238562887915
0.34510754304012636,0.24314646128793882,0.5508893541191018,0.7079769407540234,-0.003674300975448558,0.8116082442792205,-0.29055704344356886,1.3831631096368138,160.7033248567011
-0.22306548219260627,1.2332127135177124,0.7367047777896698,2.418564371025436,-0.19233944553949708,1.0271490119342974,-0.6732818437219849,-0.5117573069727466,191.3713171022207
1.0365742674081715,-2.110326776142271,-0.03401302217492258,-1.220520315739324,0.7973819060497453,0.20924092613918852,1.7257609008242598,-1.2394369570153836,107.18174831218329
-0.061774404091403265,-0.3132548117176892,-1.0502529938352319,-0.5801050307521247,0.9101829015002111,0.3881095124159402,0.8057111536557519,-0.06807623188866657,116.58769348427859
-1.3266818861258498,0.8760885937843754,-1.5347470448495022,0.08092700343744079,-1.6944089781456733,1.3546973331344496,-0.6348101425382935,-1.523753677390409,-248.2407904127865
-0.8659624301860659,-0.29575012669509904,0.6957734670533549,-0.8962786818873059,-0.4480596855517108,-0.11612311725122879,-0.6255723475819235,-1.640040355236318,-223.52904848412706
-0.4252969723803506,0.3103261957899266,-1.2603858181442136,-0.04738965101450249,1.7202889319076085,0.03348814670584232,0.14225991866033103,0.6040546980701509,76.12479531850876
1.0829837181134454,0.19652154057726978,0.8934000017739159,1.11404765058951,0.1842116192861151,0.22175245610952724,0.8700755980985935,0.004563105495973663,285.72942778688196
1.2635006315177044,1.6700925796657335,0.8603960949069754,0.7829623154834062,-0.43949088036323863,-1.0513628292768176,1.342015126677619,-0.7312391617338351,364.5949380693903
-1.3695222261337259,-1.1893277422478503,-0.6529064162648343,-0.7171974070008961,0.7021906534183456,0.6079668779883496,0.20764115470407526,-0.5122789738438073,-159.02331340698012
0.7937651609455237,-0.6975833993849786,-0.028626305933038155,2.1234659250887282,0.588847749335772,-0.47976766375318625,0.8020117937743015,-0.722062033605596,224.04896809716885
0.3048466491614839,0.05928610912766111,-0.2736752550104035,1.8809347671356869,-0.404157138377239,1.1547205871687176,1.3903538673809208,-0.3036677797911069,257.37853516828557
-0.1586453534913065,-0.06526730688153169,0.27522785635740665,0.5745647692892291,-1.1675703792225165,-0.25330131037276377,-0.3186999962971864,-0.5779574019117737,-129.40304520041988
2.033315522304492,-0.17075845625388067,0.1956697647695663,0.11706468152387442,-0.8972997762156122,0.4445859482329772,-1.6440422689657928,0.3462349407718481,-55.21260687810659
0.4732708485005025,-0.5215548792023149,0.026773414512613454,0.6199370321596016,-0.08034942455611414,0.5364372010928482,-2.854711306036917,-0.45841451458034754,-237.8150064496154
1.0331141789057043,1.303371401096639,-0.13769474556268987,0.5535980182820506,0.7299359198253511,0.05217949337782799,0.055615684263223136,-0.2931067081525284,304.4717645173176
-3.168141499937992,-0.8137069540506094,0.1703017907740214,-0.7975513312194212,0.048263519479132724,0.74469952708777,-1.6755750634619746,-0.8567745712609354,-485.3635239510142
-0.12158094339311347,-2.416306524187579,0.10836260250915206,-0.914223189508693,0.37272208410507096,-1.2719455332362124,-1.2849766814825745,0.8495650204348749,-390.46111058492653
-0.35909371449710326,0.9550010503029406,0.589297910835524,0.31447485314775525,-0.31476696746694843,0.9115429268295719,-0.3216457845056229,0.09034599412477406,47.96655927435352
0.5287194683401835,0.4719404180995078,0.1603899310867865,-0.30748281983256215,0.9293541453826927,-0.4096217370852822,0.9175940480359619,0.7328305429229435,221.18139945404803
-0.6122136334543531,-1.3930749788890453,-0.44564621439506563,1.0333018185434486,-0.8466333108519412,-1.0435716397222674,1.287670436608273,-0.05202820956352016,-118.73734220522239
0.5322665882999018,-0.5496240033152412,-1.069529160572024,-0.2850707901066448,0.5361699954975895,-0.16775271257820773,0.007287838250240448,-1.8866483450499631,-40.658498966271566
-1.0520701359103632,-1.6623225227520377,0.9734431141072558,0.47920676696789605,-1.2306207097448896,-0.7314208372456894,-0.6136947385654803,0.12615259174428725,-372.7479945272347
-0.5000346191367386,0.3592264101973743,-0.7143853115946909,-3.2059684958076504,1.0045412143977261,0.489474091702608,-0.1630078932911318,0.4792136834241842,-111.58629194220559
-0.10920763868477976,0.3850546553870542,-1.0076090407554819,0.7208102861269667,1.5651656927523678,0.21192490584500004,0.10351189620026129,0.6815581862735677,182.93132636136326
-1.1220697728652151,-0.4857523425396432,-0.624990018107626,1.2200403638474766,0.13985090717016865,0.7886600118706828,-0.18111673947468063,1.0187508935387461,-2.0700734609582057
-0.07766491173912891,-0.1889701621322735,-1.9806293602087994,0.4194516969347253,-0.9498170891138,2.5343327380024387,-0.16954872776980626,-1.1053142502201507,-45.2577755722248
-1.3662089520225555,-0.16380426877142065,-0.7228414481378399,-1.8339327634917184,1.3182013698692143,0.5624932590056282,-0.6746978089806553,-0.07741977084037521,-194.3067971918708
-0.7265231465262814,0.96596309306491,0.8855465106554584,0.438009969388526,0.41906534948943736,0.2395438836180681,-0.41680426361045847,-1.5337364246300405,59.21507040099636
1.3359838686315024,-0.7360348307319297,0.022433183524221856,-1.7783089841783424,-0.30878352169778517,-0.4048050782526,-0.22892302131613687,-2.0100149047400024,-136.79340820230178
0.01448894497627659,-0.2811079128134188,-0.8234600840161935,-1.7936487418003788,-1.2435175138560157,-0.27338280624577976,-0.5149272227037109,-1.5361022962124746,-303.88036656236767
-1.0556301552214953,-0.19847658765316054,1.1213005433741297,0.013852904491250366,1.6477334449494145,0.960090385335397,-0.4537693616517283,1.7013997444566191,92.05782647436438
0.07038964582989793,1.3184967340581113,0.5067060302759814,2.1196010814736823,0.5614171266763485,0.44856725449887064,-0.1457765664588863,-0.11561616286600332,298.11007768479396
-0.37749083057966276,-1.1213585881838102,1.4140816129633966,0.2535765466825358,1.1935567815192922,-0.06155999375007763,0.9127231643199113,1.0647424699585406,155.66768755980806
-1.6550031815035522,-1.9311203331857698,-0.6278275414452245,1.0990838822357487,-0.7312539858400842,0.27785063540638766,0.17496742054904882,0.9128906682621849,-275.9814424065901
0.7810668906705013,0.6693315516278362,0.36543789184391806,-0.974508730424427,-0.7721405521150567,-0.24870382144943765,-1.6410930688162289,-1.2807316951287506,-161.0381818180121
-0.4163060863863854,-0.6956764693711137,-0.06850003643178826,0.974614589666189,0.6035191976349293,-1.3342873443575523,1.3434468018280672,-0.9905424058522077,66.02812283189414
0.4580663766868145,-0.8338851199605042,-1.1869345341066313,-0.4907870873196585,-1.4777503289557397,-1.1293298073055498,-0.06342016036577167,-0.566232562112832,-272.41400139793507
-0.03159134765469352,-1.1200673301298738,-1.9092665825625457,-1.4417157742590896,0.24676622908481508,-0.7624227828783907,0.21083010610452266,-1.547179817585372,-272.2152774489835
-1.155364617549427,2.766001569902008,-0.09676064453276578,-0.020030431438259347,-0.2690134298942766,0.994843033131583,-0.5448686648111732,1.1824963673143458,80.61124658472949
-0.19842792863182482,-1.394994279596859,1.7669561875952238,-0.03380054812236057,0.8977642065290989,0.4475932431872324,-0.6268025980201837,-1.4307151378172986,-85.05270074704143
0.8292022315796324,0.7227290804653694,0.8371274948572288,0.8386760365793697,0.7782201492448746,-1.0060421850721113,-1.783820416586956,0.6800062555440092,33.88928132188918
-1.3238502372954317,-0.07939820756752347,2.3572062058156305,0.7331615271175843,-0.6653439022432028,-0.8018543707323509,0.7378077271162004,0.8087147444869319,14.15042038841387
0.13212238992662778,-1.4027407265398244,0.015032526396094046,1.4700900615482264,-0.8941869604736237,-0.8784734683201175,0.9702724132411942,-0.40882282278079446,-41.7881118723172
-1.1071965103606474,0.3237156418363317,-2.0184317987645906,-0.19396795719512466,-0.3994504545912365,1.5020773344022351,0.004043620483745169,-0.5029365689929592,-97.23538097087302
1.4688862156186622,0.7898385597938229,-1.4740440937499941,-1.1268068338072912,2.1130260444559346,-0.8533725803215895,1.4249575640353331,0.6450834819251264,350.6842618243572
-0.9362679914115475,0.2983606609649513,0.059890778028116695,1.1700376895106706,-0.34966868255791583,-1.867819380932654,-0.45617328264049173,-0.18558979841212908,-136.70456726956212
-1.0352509980877835,0.441836359321365,0.4428954530844846,0.5790899831264076,-0.34697388702441173,-0.0599807826399941,0.4576001499281721,0.7447202758307365,-9.511449838736894
0.6362175903860374,0.4021609385605635,-0.7033941674831176,-0.339007686102236,-0.390302620422507,-0.3845598534850949,-0.5128243663175797,0.7936361428637856,-49.39809680906145
0.9590352835741185,0.5606918781862673,0.5961215970821896,-0.15737688649778012,0.2840223585116073,-0.37905573111664903,-0.5783688850391888,-0.873987786268749,70.91338770335268
0.4468523631857094,-0.5835604829632237,0.7757058343527737,-0.5399099079610906,-0.2895517550546804,-1.2694236039213282,-0.3589639185434717,3.390359566177602,-112.70574782992585
0.5616237783345149,-0.5352359243823926,0.734367194615201,0.8991569074722489,-0.5419176521675996,-0.260021706375899,-0.06579153767671671,-2.318374714943574,-47.424843480315644
-1.2644174176286622,0.3427089198594354,-1.267188067459323,1.0644074427139683,0.18638175673039536,-0.07324203719241684,0.8187263414883299,-0.4860535117406564,17.04310863175692
0.3564286294632258,-0.4655431706644318,-0.8832273838851146,-0.015289143685435895,0.22360818440474906,-1.0262076661201502,0.8842776310892119,0.5725729272958237,41.815832720841804
-0.15906755573623058,0.26049387857416373,-1.0832611464896815,-1.8031567584770427,0.6752668219669141,-1.2373640377145345,0.9356888525245568,-1.2482584472834826,-64.08134799958162
-0.22596905666004183,-0.47389831182591596,0.8911847614807619,1.5003187941662075,1.224657113099808,0.6337852603442085,2.16427206334476,-1.3251676077482162,376.93110782901186
-0.21392119543793292,0.17916160166117737,0.6296635709538057,-2.177579471047785,-2.029629714237366,-0.8848025290541087,-2.176742198651297,0.021731883350396393,-547.8237837180124
-0.663327513488042,-1.8240385945072664,-1.3624353379288965,-1.3126115158075833,0.3697117164608493,-0.4051437624388413,-0.8942997499627113,-0.5339074936999165,-383.3442128914168
-0.7281207291561045,-0.7126551123079525,-0.7674343001195328,0.5064941514436045,0.09370980770131175,-2.7456311301332734,0.9684053467247064,2.1732538479870196,-150.26389056185883
-2.6046343625214563,0.3807039140850776,-0.359864601580598,-1.4521270889496753,-0.43896574362992863,-0.3843094423178739,1.1681099351912831,-0.04066596449976784,-208.1704738907354
-0.9777989792054598,-0.7311830168750274,-0.3049527446832278,0.03401336924214472,0.7699631232905594,1.321637648302766,1.8836741015084058,-0.6526596562005005,172.5580293532461
-0.19344170374852118,1.2469921751008797,-0.3671541619155467,0.05352840607746902,0.14612350964227658,0.05779252508031169,0.5877529816752058,0.15879853646218392,135.92584106786634
-0.000421545094058282,0.29480917313639377,-0.6704519886530554,-0.9808190658305224,-0.30845388743655827,-0.5591970918981869,1.6305183562832382,0.8411273268193857,90.92376461006701
-0.9299670146393891,-0.27146361715358625,-0.5924495498694853,-2.576667966641867,-0.6175586895860857,-1.1314813293834882,-1.241174350776401,-0.6201488587820873,-506.80931061007544
0.30068041502290827,-0.4784178798045658,0.6652036849577115,1.2193188839686289,0.9610764636135062,-1.324641335581231,0.5607771722349455,0.3853865378946492,148.25871541278184
0.19801279793241008,-0.7458987294296935,-0.5531300228459172,-0.8120941348961054,-0.4712329004963177,0.2769197077121353,1.5433865949013468,-1.3821707150861222,33.584940004787974
0.454539848148349,-1.7960702045074024,0.8784741721678753,-0.753479545505848,1.3091100416630783,-1.8539004457829518,1.458645191439038,1.037220423000468,10.474007572706984
-0.24776824653783938,-0.11164048301609314,0.2815134369725758,0.05206040223790908,-0.20264771282547725,0.056792140305924464,-0.10670470755418232,-1.5024384966055986,-98.98384493709581
-0.6540391445801527,-1.2497135702004163,1.3929273169293201,-1.1966227860707963,0.9327496931183914,-0.07045512525645098,-0.14826702394121333,-1.4975883184272776,-137.4185471560518
0.5911815035607555,1.2167603708323709,-0.9343167845273374,0.04217191936824846,-2.2949929234061455,0.2797547567320743,1.2646593852192496,0.16791025041780658,95.09356768998327
0.341906112485594,2.4066013710723135,0.16698045649345022,3.0161881331530465,0.8278204274631753,-0.5541268114672997,1.0629852902515744,0.040660199608380035,553.5581926943953
1.3239760483922551,0.3077581696554578,-0.7825828937014141,-0.48781932700208247,-1.2826106143916156,-0.7473893909910587,1.6763075942904078,1.4505843561974607,101.05378210915354
0.8846321593277432,1.5109233516879388,-0.05890571781931968,-0.8227004725278292,-0.8702259205355599,0.4420572440120746,-0.13178226449879288,0.4385914062699989,78.74906368102923
0.08730619730744413,-0.3006560275149987,0.9348195295694302,-1.6617281157265797,1.0997964735156176,-0.696120855489501,-1.0291743659780934,-0.470026065238952,-161.01481124937254
1.8019777288201053,-1.7437682099080152,-0.11905422440477204,-0.539966336706831,1.1064023389990294,0.45450363267518584,0.7366895878292634,-0.12922216254019878,124.49335130736998
-0.5733929005357227,-0.6272183070639962,2.813195548096368,-0.1885953299018345,1.252036141025212,1.0213611481394076,-0.46963753079246007,-0.07173284366097141,87.28553106411447
0.4224486161615742,0.8017953629046712,0.2224990075779167,-0.574418768225679,-0.4775099888714797,0.8903553221415834,0.7044458273475452,-0.9747726193140105,160.78643772711757
-2.6329237787956186,1.368240556819589,-0.8658544302311882,0.07864205239309602,-0.9471583361019575,1.5733334035283026,0.4979076087262375,-0.12636617902644148,-61.97106810267865
1.4185771877731586,-0.6705242500182886,0.22247053213588552,-0.1882551307102697,0.3937997481368548,-0.0885217237757269,1.0671846292089284,1.0954019695039559,207.01342059678262
-0.21377095065032073,0.2990385057801634,0.08370993830973997,-0.6657542055352265,-0.44835131226886027,2.5280332255003364,-0.05987257118904566,0.5525976280298286,81.18933468552166
1.791861296951165,0.45395897653429895,-1.616371935341662,-0.5745253770562169,-0.14692353181100884,-0.6097427327745906,0.4802268436130336,-0.10976933717201282,96.77197190636636
0.08467607271626632,0.8573624308512773,0.8762964530748731,-1.2007439467836643,-1.158876645987331,-0.2570402610081396,0.9681435420991468,-0.42563880645877167,-8.03689660735175
-1.6137702703507908,0.3302070215074309,1.4985538003042314,-0.2858666103421969,-0.030662570605734768,-0.7925803326512125,1.1000194000597456,-0.007074034586196486,-25.52258801040192
0.38513782624674314,0.08516091619410761,-0.8479156475708002,0.35529105867294236,0.21004984166186275,0.9649556679939483,-0.3064079991296748,-0.6710175711541245,44.33210333341288
-0.757282519845837,0.9631690569697937,-2.0745289794192954,-0.5697523350901655,-0.26335931442164323,-0.5813066678610408,1.8968821454015339,-0.767205947249688,28.17244538351569
-0.3210986999281958,0.18068209854124806,0.0038657161208614688,-0.40540592950630244,-0.037239002470030605,1.0150173476380762,-0.602375572119893,0.11986917912889183,-83.05259173813914
0.17166990697161022,-0.5454875658816921,-0.5565907921593273,-0.014851791370543375,0.9342931621514721,-1.2525960032101289,0.713853501472303,0.05340612162287631,25.679773466429676
-1.1595679296096473,0.7375649645742974,0.16004289131556798,-1.0384019476445576,1.2894368811534294,-0.9791142626007533,-0.23367547685234732,-0.027371005834229925,-84.9769332164882
-0.5718402989647932,0.730514809846082,0.1230764401228319,-0.790079294089828,-0.08913188467407798,2.203121175618271,2.2663135459957355,0.9745802876954764,327.0863448356752
0.4367132270988685,-1.1014795763313627,0.181365985390318,0.2981315278960691,-1.002655303931213,-0.40002053116740877,0.33036638777647775,-1.391919070206603,-93.10349638990688
-0.7425535252045677,1.0493965493432547,-2.2883151019717225,1.0724701315754954,-0.04538602986064609,-0.4052278554276867,-1.4506786991465748,-0.41647431852001854,-140.70096688505652
-0.2178237065657915,-0.4500054686941456,1.1003241423167847,1.264811948024754,-1.1886561073718231,-0.3471467089755615,-0.12236357602528804,0.3938503493544555,-60.70766508579017
-0.055433103193019174,-1.8959402916043515,-1.5643638814450125,-0.07694305919070969,0.04086617634619786,-0.21765403730456656,0.9567505054957617,0.6400864714739352,-139.75543552531298
-0.3871399432863881,1.6506996911864755,-1.5265245318698402,2.029072220761112,0.5545803118918878,0.2744599237599636,0.12388090528703843,0.15433553545635803,260.4645751484951
